plate,signal,Time,temp,A1,A2,A3,A4,A5,A6,A7,A8,A9,A10,A11,A12,B1,B2,B3,B4,B5,B6,B7,B8,B9,B10,B11,B12,C1,C2,C3,C4,C5,C6,C7,C8,C9,C10,C11,C12,D1,D2,D3,D4,D5,D6,D7,D8,D9,D10,D11,D12,E1,E2,E3,E4,E5,E6,E7,E8,E9,E10,E11,E12,F1,F2,F3,F4,F5,F6,F7,F8,F9,F10,F11,F12,G1,G2,G3,G4,G5,G6,G7,G8,G9,G10,G11,G12
wt,OD,0:00:06,37.1,0.173,0.179,0.177,0.179,0.176,0.166,0.18,0.188,0.174,0.187,0.174,0.167,0.177,0.167,0.174,0.175,0.175,0.176,0.173,0.171,0.178,0.177,0.169,0.169,0.188,0.195,0.175,0.171,0.163,0.192,0.182,0.175,0.181,0.178,0.17,0.165,0.184,0.17,0.19,0.181,0.163,0.173,0.174,0.187,0.179,0.187,0.193,0.167,0.179,0.172,0.173,0.169,0.169,0.169,0.167,0.176,0.176,0.174,0.175,0.183,0.177,0.175,0.177,0.168,0.172,0.171,0.173,0.17,0.189,0.17,0.173,0.16,0.183,0.169,0.18,0.185,0.17,0.182,0.173,0.182,0.194,0.18,0.171,0.166
wt,OD,0:15:06,37.1,0.173,0.179,0.177,0.178,0.176,0.166,0.18,0.188,0.171,0.186,0.176,0.169,0.177,0.167,0.173,0.175,0.175,0.176,0.173,0.171,0.177,0.177,0.171,0.173,0.187,0.192,0.174,0.169,0.162,0.19,0.181,0.174,0.179,0.177,0.169,0.165,0.183,0.169,0.189,0.18,0.163,0.173,0.173,0.186,0.179,0.186,0.199,0.167,0.178,0.171,0.172,0.168,0.169,0.169,0.167,0.176,0.175,0.173,0.174,0.181,0.176,0.174,0.177,0.168,0.172,0.17,0.172,0.17,0.188,0.171,0.172,0.161,0.182,0.169,0.179,0.184,0.169,0.18,0.173,0.18,0.192,0.179,0.17,0.168
wt,OD,0:30:06,37,0.172,0.179,0.177,0.177,0.174,0.167,0.18,0.187,0.171,0.186,0.177,0.17,0.176,0.166,0.173,0.175,0.175,0.176,0.173,0.171,0.177,0.176,0.172,0.174,0.186,0.19,0.174,0.169,0.162,0.189,0.181,0.174,0.179,0.177,0.168,0.164,0.182,0.168,0.189,0.18,0.163,0.172,0.173,0.186,0.178,0.186,0.204,0.168,0.178,0.17,0.173,0.168,0.169,0.169,0.167,0.176,0.175,0.172,0.174,0.181,0.176,0.173,0.176,0.167,0.171,0.171,0.172,0.17,0.187,0.169,0.172,0.16,0.181,0.168,0.178,0.184,0.169,0.179,0.172,0.179,0.191,0.177,0.17,0.168
wt,OD,0:45:06,37,0.172,0.179,0.177,0.178,0.174,0.167,0.179,0.186,0.174,0.185,0.179,0.17,0.176,0.166,0.172,0.174,0.174,0.175,0.173,0.171,0.176,0.176,0.172,0.174,0.185,0.19,0.174,0.17,0.162,0.188,0.181,0.174,0.179,0.177,0.168,0.164,0.182,0.168,0.189,0.18,0.163,0.172,0.173,0.186,0.178,0.186,0.207,0.167,0.177,0.17,0.172,0.168,0.169,0.168,0.167,0.176,0.175,0.172,0.173,0.18,0.176,0.172,0.176,0.167,0.171,0.17,0.172,0.169,0.187,0.17,0.171,0.161,0.181,0.167,0.178,0.183,0.169,0.179,0.172,0.18,0.191,0.179,0.169,0.168
wt,OD,1:00:06,37,0.173,0.179,0.177,0.178,0.175,0.166,0.18,0.186,0.172,0.185,0.179,0.17,0.175,0.166,0.173,0.174,0.175,0.175,0.173,0.171,0.176,0.176,0.172,0.174,0.186,0.19,0.174,0.17,0.162,0.188,0.18,0.174,0.178,0.177,0.168,0.164,0.182,0.168,0.189,0.179,0.163,0.172,0.173,0.186,0.178,0.185,0.209,0.168,0.177,0.17,0.173,0.168,0.169,0.168,0.166,0.175,0.174,0.172,0.173,0.18,0.176,0.172,0.176,0.167,0.171,0.17,0.172,0.169,0.186,0.17,0.171,0.16,0.181,0.168,0.178,0.183,0.169,0.179,0.172,0.18,0.191,0.179,0.17,0.166
wt,OD,1:15:06,37,0.172,0.179,0.178,0.177,0.174,0.167,0.179,0.186,0.171,0.185,0.18,0.17,0.176,0.166,0.173,0.175,0.174,0.176,0.172,0.171,0.176,0.176,0.172,0.174,0.186,0.19,0.174,0.17,0.162,0.188,0.18,0.174,0.178,0.178,0.168,0.164,0.182,0.168,0.189,0.179,0.163,0.172,0.173,0.185,0.179,0.185,0.209,0.168,0.177,0.17,0.172,0.167,0.169,0.168,0.166,0.175,0.175,0.172,0.173,0.18,0.176,0.172,0.176,0.167,0.171,0.17,0.172,0.17,0.186,0.17,0.171,0.161,0.181,0.169,0.178,0.184,0.169,0.179,0.172,0.179,0.19,0.178,0.17,0.168
wt,OD,1:30:06,37,0.173,0.18,0.177,0.178,0.174,0.168,0.182,0.186,0.172,0.185,0.179,0.17,0.176,0.166,0.173,0.174,0.175,0.175,0.173,0.171,0.176,0.176,0.172,0.174,0.185,0.19,0.174,0.169,0.162,0.188,0.18,0.174,0.178,0.177,0.168,0.164,0.182,0.168,0.189,0.179,0.162,0.172,0.173,0.186,0.179,0.185,0.21,0.168,0.178,0.17,0.172,0.168,0.169,0.169,0.167,0.175,0.175,0.172,0.174,0.18,0.176,0.172,0.176,0.167,0.171,0.17,0.172,0.169,0.186,0.17,0.171,0.16,0.181,0.168,0.178,0.184,0.168,0.179,0.172,0.179,0.19,0.178,0.17,0.167
wt,OD,1:45:06,37,0.173,0.18,0.178,0.178,0.175,0.168,0.18,0.187,0.173,0.185,0.182,0.171,0.176,0.167,0.173,0.175,0.175,0.176,0.173,0.171,0.176,0.176,0.172,0.175,0.186,0.19,0.175,0.169,0.162,0.188,0.181,0.174,0.179,0.178,0.169,0.164,0.182,0.169,0.189,0.179,0.163,0.172,0.173,0.185,0.179,0.186,0.211,0.168,0.178,0.17,0.172,0.168,0.17,0.169,0.167,0.176,0.175,0.173,0.174,0.18,0.176,0.172,0.176,0.167,0.171,0.169,0.172,0.169,0.187,0.17,0.171,0.161,0.181,0.168,0.179,0.184,0.169,0.178,0.172,0.179,0.19,0.18,0.17,0.169
wt,OD,2:00:06,37,0.174,0.181,0.178,0.178,0.175,0.169,0.18,0.187,0.172,0.186,0.181,0.171,0.177,0.167,0.174,0.175,0.176,0.176,0.173,0.171,0.176,0.176,0.172,0.174,0.186,0.19,0.175,0.17,0.163,0.188,0.181,0.175,0.179,0.178,0.168,0.164,0.183,0.169,0.189,0.18,0.163,0.172,0.174,0.185,0.179,0.185,0.211,0.169,0.179,0.171,0.174,0.169,0.17,0.169,0.167,0.177,0.175,0.173,0.174,0.181,0.177,0.173,0.176,0.167,0.172,0.169,0.172,0.17,0.186,0.17,0.171,0.16,0.182,0.169,0.179,0.185,0.17,0.18,0.173,0.179,0.191,0.179,0.17,0.168
wt,OD,2:15:06,37,0.174,0.182,0.179,0.179,0.177,0.168,0.181,0.187,0.173,0.186,0.183,0.171,0.177,0.168,0.174,0.175,0.176,0.176,0.174,0.171,0.176,0.176,0.173,0.174,0.187,0.19,0.176,0.17,0.163,0.188,0.181,0.175,0.179,0.178,0.169,0.164,0.183,0.17,0.19,0.18,0.164,0.173,0.174,0.186,0.179,0.186,0.21,0.169,0.179,0.172,0.174,0.169,0.171,0.17,0.168,0.176,0.176,0.173,0.174,0.181,0.177,0.173,0.176,0.168,0.172,0.171,0.172,0.17,0.187,0.171,0.172,0.161,0.183,0.169,0.179,0.185,0.17,0.18,0.173,0.181,0.191,0.179,0.171,0.169
wt,OD,2:30:06,37,0.175,0.183,0.18,0.18,0.178,0.169,0.183,0.188,0.174,0.188,0.183,0.172,0.178,0.168,0.175,0.176,0.176,0.177,0.174,0.172,0.177,0.176,0.172,0.174,0.187,0.191,0.176,0.17,0.163,0.189,0.182,0.176,0.18,0.178,0.168,0.165,0.184,0.17,0.19,0.18,0.164,0.173,0.175,0.186,0.18,0.186,0.21,0.169,0.18,0.172,0.175,0.17,0.171,0.171,0.168,0.178,0.176,0.173,0.174,0.181,0.177,0.173,0.177,0.168,0.172,0.171,0.172,0.17,0.187,0.17,0.172,0.16,0.182,0.169,0.18,0.185,0.17,0.18,0.174,0.181,0.191,0.181,0.171,0.167
wt,OD,2:45:06,37,0.176,0.184,0.182,0.181,0.179,0.17,0.183,0.19,0.174,0.189,0.184,0.173,0.178,0.169,0.176,0.177,0.177,0.178,0.174,0.173,0.178,0.176,0.172,0.175,0.188,0.191,0.177,0.17,0.163,0.189,0.182,0.176,0.181,0.178,0.169,0.165,0.184,0.171,0.191,0.181,0.165,0.174,0.175,0.187,0.181,0.186,0.209,0.169,0.181,0.173,0.176,0.171,0.172,0.172,0.169,0.178,0.178,0.174,0.175,0.181,0.178,0.174,0.177,0.169,0.173,0.172,0.173,0.171,0.187,0.171,0.172,0.162,0.183,0.17,0.181,0.186,0.171,0.181,0.174,0.182,0.192,0.179,0.171,0.169
wt,OD,3:00:06,37,0.178,0.185,0.183,0.183,0.18,0.172,0.185,0.19,0.176,0.19,0.187,0.175,0.179,0.17,0.177,0.178,0.178,0.179,0.175,0.173,0.178,0.177,0.173,0.175,0.188,0.192,0.178,0.171,0.164,0.19,0.183,0.177,0.181,0.179,0.169,0.165,0.185,0.172,0.192,0.182,0.165,0.175,0.176,0.187,0.181,0.187,0.209,0.17,0.182,0.175,0.178,0.173,0.173,0.173,0.171,0.179,0.178,0.174,0.175,0.181,0.179,0.174,0.178,0.17,0.174,0.172,0.175,0.171,0.188,0.171,0.172,0.162,0.184,0.172,0.182,0.186,0.172,0.183,0.175,0.183,0.193,0.18,0.172,0.169
wt,OD,3:15:06,37,0.18,0.189,0.185,0.184,0.182,0.174,0.187,0.192,0.179,0.193,0.186,0.178,0.18,0.171,0.179,0.179,0.179,0.18,0.177,0.174,0.179,0.177,0.172,0.175,0.189,0.193,0.179,0.171,0.164,0.191,0.184,0.178,0.182,0.179,0.17,0.166,0.186,0.173,0.193,0.183,0.165,0.176,0.177,0.188,0.183,0.187,0.209,0.17,0.183,0.176,0.179,0.174,0.174,0.174,0.172,0.18,0.18,0.175,0.176,0.182,0.18,0.176,0.179,0.171,0.173,0.173,0.175,0.172,0.188,0.171,0.172,0.162,0.185,0.174,0.183,0.189,0.173,0.184,0.176,0.184,0.193,0.181,0.172,0.17
wt,OD,3:30:06,37,0.183,0.191,0.189,0.188,0.185,0.177,0.191,0.195,0.181,0.196,0.189,0.18,0.181,0.172,0.18,0.18,0.181,0.181,0.178,0.176,0.18,0.177,0.173,0.175,0.19,0.194,0.181,0.172,0.164,0.192,0.185,0.18,0.183,0.18,0.17,0.166,0.187,0.176,0.195,0.184,0.166,0.177,0.179,0.19,0.184,0.187,0.208,0.171,0.185,0.179,0.181,0.177,0.176,0.176,0.174,0.182,0.181,0.175,0.177,0.183,0.18,0.177,0.18,0.172,0.174,0.174,0.176,0.173,0.189,0.172,0.173,0.162,0.187,0.176,0.185,0.19,0.175,0.186,0.178,0.185,0.195,0.183,0.173,0.17
wt,OD,3:45:06,37,0.186,0.195,0.192,0.191,0.188,0.179,0.193,0.198,0.184,0.198,0.195,0.184,0.183,0.174,0.182,0.182,0.183,0.183,0.179,0.177,0.182,0.177,0.173,0.176,0.191,0.196,0.183,0.172,0.164,0.193,0.186,0.181,0.185,0.18,0.171,0.167,0.189,0.178,0.197,0.185,0.167,0.179,0.181,0.191,0.186,0.188,0.209,0.172,0.188,0.181,0.184,0.179,0.177,0.179,0.176,0.184,0.184,0.176,0.177,0.183,0.182,0.178,0.182,0.173,0.175,0.176,0.178,0.175,0.19,0.172,0.173,0.162,0.188,0.176,0.187,0.192,0.177,0.188,0.179,0.187,0.197,0.182,0.174,0.17
wt,OD,4:00:06,37,0.19,0.2,0.196,0.195,0.193,0.185,0.199,0.203,0.188,0.204,0.199,0.189,0.185,0.176,0.184,0.184,0.185,0.185,0.181,0.178,0.184,0.178,0.173,0.176,0.192,0.197,0.185,0.172,0.164,0.195,0.188,0.184,0.188,0.181,0.171,0.167,0.191,0.18,0.2,0.188,0.167,0.181,0.183,0.193,0.188,0.188,0.209,0.172,0.19,0.184,0.186,0.182,0.179,0.182,0.178,0.186,0.185,0.177,0.178,0.184,0.183,0.179,0.184,0.175,0.176,0.178,0.179,0.176,0.192,0.172,0.174,0.163,0.19,0.178,0.19,0.194,0.178,0.191,0.182,0.189,0.198,0.183,0.175,0.172
wt,OD,4:15:06,37,0.196,0.208,0.203,0.202,0.199,0.19,0.205,0.209,0.193,0.211,0.206,0.195,0.187,0.179,0.188,0.186,0.189,0.189,0.183,0.181,0.186,0.178,0.174,0.176,0.193,0.198,0.188,0.172,0.164,0.197,0.191,0.187,0.19,0.182,0.172,0.169,0.193,0.183,0.203,0.19,0.168,0.183,0.185,0.195,0.191,0.189,0.21,0.173,0.193,0.188,0.191,0.187,0.182,0.185,0.182,0.189,0.188,0.178,0.179,0.185,0.185,0.182,0.186,0.178,0.177,0.18,0.181,0.178,0.193,0.173,0.174,0.163,0.191,0.183,0.193,0.195,0.181,0.195,0.184,0.193,0.2,0.185,0.176,0.173
wt,OD,4:30:06,37,0.206,0.229,0.225,0.216,0.211,0.2,0.211,0.214,0.201,0.217,0.215,0.201,0.19,0.182,0.192,0.189,0.192,0.194,0.186,0.183,0.188,0.178,0.174,0.177,0.194,0.2,0.19,0.172,0.164,0.199,0.193,0.189,0.192,0.183,0.174,0.17,0.195,0.187,0.206,0.193,0.169,0.187,0.189,0.198,0.195,0.19,0.21,0.174,0.197,0.193,0.197,0.192,0.184,0.19,0.187,0.193,0.192,0.179,0.181,0.186,0.187,0.184,0.188,0.181,0.177,0.183,0.183,0.181,0.196,0.174,0.175,0.164,0.193,0.186,0.197,0.199,0.183,0.199,0.187,0.196,0.203,0.187,0.177,0.173
wt,OD,4:45:06,37,0.207,0.233,0.227,0.22,0.217,0.205,0.219,0.22,0.205,0.223,0.219,0.205,0.194,0.186,0.197,0.193,0.197,0.198,0.189,0.186,0.192,0.179,0.175,0.177,0.196,0.203,0.194,0.172,0.164,0.201,0.196,0.193,0.196,0.185,0.174,0.171,0.199,0.191,0.211,0.196,0.17,0.19,0.193,0.202,0.198,0.19,0.21,0.174,0.202,0.201,0.205,0.201,0.188,0.195,0.191,0.198,0.197,0.18,0.182,0.188,0.19,0.187,0.193,0.184,0.179,0.186,0.186,0.184,0.198,0.174,0.176,0.164,0.196,0.19,0.202,0.202,0.187,0.204,0.19,0.201,0.205,0.188,0.179,0.178
wt,OD,5:00:06,37,0.212,0.241,0.242,0.232,0.228,0.216,0.227,0.228,0.212,0.229,0.226,0.212,0.198,0.191,0.203,0.197,0.203,0.204,0.193,0.191,0.196,0.18,0.175,0.177,0.198,0.205,0.198,0.173,0.165,0.203,0.199,0.197,0.2,0.186,0.176,0.172,0.204,0.196,0.217,0.2,0.172,0.194,0.197,0.206,0.202,0.192,0.211,0.175,0.213,0.213,0.213,0.209,0.191,0.201,0.198,0.202,0.201,0.182,0.183,0.189,0.194,0.192,0.197,0.188,0.181,0.191,0.19,0.188,0.202,0.176,0.176,0.166,0.199,0.195,0.207,0.206,0.191,0.207,0.194,0.206,0.209,0.19,0.181,0.18
wt,OD,5:15:06,37,0.219,0.244,0.242,0.236,0.232,0.219,0.231,0.234,0.22,0.234,0.229,0.218,0.201,0.199,0.223,0.202,0.211,0.207,0.198,0.196,0.201,0.181,0.176,0.178,0.199,0.209,0.204,0.174,0.165,0.207,0.203,0.202,0.205,0.188,0.177,0.173,0.209,0.229,0.225,0.205,0.173,0.199,0.203,0.21,0.207,0.192,0.213,0.177,0.22,0.225,0.223,0.216,0.196,0.21,0.204,0.207,0.206,0.183,0.185,0.19,0.198,0.197,0.203,0.194,0.183,0.201,0.194,0.193,0.206,0.177,0.177,0.166,0.203,0.2,0.224,0.21,0.195,0.217,0.2,0.209,0.214,0.192,0.183,0.178
wt,OD,5:30:06,37,0.226,0.248,0.243,0.239,0.236,0.222,0.235,0.237,0.225,0.239,0.234,0.223,0.228,0.216,0.221,0.208,0.215,0.217,0.205,0.201,0.207,0.182,0.177,0.179,0.202,0.214,0.209,0.175,0.166,0.211,0.209,0.206,0.209,0.19,0.179,0.175,0.215,0.205,0.235,0.214,0.175,0.206,0.21,0.215,0.212,0.194,0.212,0.178,0.224,0.228,0.23,0.222,0.202,0.213,0.209,0.214,0.213,0.185,0.186,0.192,0.202,0.213,0.214,0.198,0.186,0.206,0.2,0.197,0.211,0.178,0.179,0.167,0.207,0.226,0.221,0.221,0.201,0.225,0.205,0.214,0.219,0.194,0.186,0.179
wt,OD,5:45:06,37,0.235,0.251,0.247,0.242,0.239,0.226,0.239,0.241,0.228,0.243,0.241,0.227,0.213,0.216,0.227,0.218,0.223,0.221,0.208,0.204,0.21,0.182,0.177,0.179,0.205,0.223,0.221,0.175,0.167,0.215,0.213,0.212,0.213,0.193,0.181,0.177,0.222,0.225,0.243,0.22,0.178,0.214,0.217,0.222,0.218,0.194,0.215,0.18,0.229,0.238,0.234,0.225,0.21,0.217,0.212,0.218,0.217,0.187,0.188,0.195,0.226,0.216,0.22,0.213,0.189,0.215,0.203,0.201,0.215,0.179,0.18,0.168,0.216,0.22,0.227,0.224,0.207,0.227,0.208,0.219,0.223,0.197,0.189,0.184
wt,OD,6:00:06,37,0.239,0.258,0.254,0.246,0.244,0.231,0.243,0.245,0.231,0.247,0.246,0.232,0.218,0.222,0.235,0.224,0.227,0.226,0.215,0.21,0.215,0.183,0.179,0.18,0.209,0.225,0.226,0.177,0.167,0.222,0.219,0.216,0.217,0.195,0.184,0.18,0.233,0.237,0.246,0.226,0.181,0.217,0.219,0.225,0.221,0.196,0.215,0.182,0.238,0.244,0.242,0.228,0.215,0.219,0.214,0.22,0.22,0.189,0.19,0.197,0.225,0.226,0.229,0.218,0.192,0.215,0.21,0.207,0.22,0.18,0.181,0.17,0.235,0.225,0.238,0.231,0.214,0.23,0.212,0.223,0.23,0.199,0.192,0.188
wt,OD,6:15:06,37,0.249,0.264,0.257,0.252,0.249,0.233,0.246,0.248,0.236,0.249,0.248,0.234,0.222,0.231,0.238,0.229,0.232,0.23,0.221,0.216,0.221,0.184,0.18,0.18,0.216,0.231,0.233,0.179,0.168,0.227,0.224,0.22,0.221,0.197,0.188,0.181,0.244,0.24,0.252,0.231,0.186,0.221,0.223,0.23,0.226,0.198,0.216,0.183,0.252,0.248,0.245,0.232,0.217,0.222,0.218,0.222,0.224,0.192,0.193,0.199,0.23,0.24,0.235,0.223,0.198,0.219,0.216,0.214,0.226,0.182,0.184,0.171,0.232,0.232,0.245,0.24,0.217,0.233,0.219,0.228,0.233,0.204,0.196,0.191
wt,OD,6:30:06,37,0.257,0.27,0.265,0.256,0.252,0.237,0.25,0.251,0.237,0.253,0.252,0.239,0.227,0.235,0.243,0.233,0.236,0.233,0.225,0.221,0.226,0.184,0.181,0.181,0.223,0.241,0.237,0.18,0.17,0.231,0.228,0.223,0.224,0.2,0.192,0.185,0.251,0.246,0.256,0.234,0.191,0.223,0.227,0.233,0.23,0.2,0.219,0.184,0.261,0.254,0.248,0.236,0.221,0.225,0.221,0.226,0.227,0.194,0.196,0.2,0.237,0.245,0.237,0.227,0.205,0.222,0.22,0.219,0.232,0.184,0.186,0.173,0.233,0.235,0.247,0.243,0.221,0.236,0.226,0.235,0.238,0.209,0.201,0.198
wt,OD,6:45:06,37,0.253,0.274,0.27,0.259,0.255,0.239,0.252,0.255,0.242,0.26,0.254,0.243,0.24,0.238,0.25,0.237,0.24,0.236,0.229,0.225,0.231,0.185,0.181,0.182,0.233,0.248,0.242,0.182,0.171,0.235,0.232,0.227,0.228,0.204,0.196,0.188,0.256,0.251,0.263,0.238,0.2,0.226,0.23,0.236,0.232,0.202,0.219,0.186,0.263,0.256,0.252,0.241,0.224,0.228,0.225,0.23,0.23,0.197,0.199,0.204,0.248,0.243,0.246,0.23,0.21,0.224,0.223,0.223,0.235,0.186,0.187,0.176,0.242,0.238,0.249,0.244,0.223,0.239,0.232,0.24,0.243,0.215,0.207,0.201
wt,OD,7:00:06,37,0.268,0.279,0.274,0.263,0.26,0.243,0.256,0.259,0.246,0.264,0.262,0.248,0.249,0.242,0.253,0.239,0.245,0.24,0.232,0.229,0.234,0.186,0.182,0.183,0.247,0.252,0.246,0.185,0.172,0.239,0.235,0.23,0.231,0.208,0.2,0.191,0.265,0.255,0.266,0.241,0.205,0.23,0.234,0.24,0.237,0.205,0.222,0.188,0.275,0.263,0.254,0.245,0.227,0.232,0.228,0.233,0.234,0.201,0.202,0.208,0.251,0.252,0.249,0.235,0.218,0.229,0.226,0.225,0.239,0.189,0.189,0.177,0.25,0.246,0.255,0.253,0.226,0.243,0.234,0.243,0.246,0.219,0.212,0.206
wt,OD,7:15:06,37,0.274,0.284,0.279,0.265,0.263,0.247,0.26,0.264,0.252,0.268,0.262,0.254,0.251,0.248,0.261,0.247,0.249,0.242,0.237,0.232,0.237,0.187,0.182,0.184,0.253,0.257,0.251,0.188,0.174,0.242,0.238,0.231,0.234,0.212,0.204,0.196,0.275,0.261,0.273,0.245,0.211,0.234,0.237,0.243,0.24,0.207,0.225,0.19,0.27,0.263,0.261,0.249,0.23,0.235,0.23,0.235,0.237,0.205,0.207,0.213,0.256,0.263,0.254,0.239,0.22,0.232,0.228,0.23,0.241,0.192,0.192,0.18,0.256,0.249,0.252,0.259,0.229,0.247,0.237,0.25,0.25,0.225,0.217,0.213
wt,OD,7:30:06,37,0.285,0.284,0.283,0.27,0.265,0.253,0.266,0.268,0.257,0.27,0.27,0.257,0.26,0.252,0.263,0.251,0.253,0.245,0.24,0.236,0.241,0.189,0.184,0.185,0.248,0.261,0.255,0.193,0.177,0.245,0.241,0.234,0.237,0.215,0.205,0.199,0.282,0.266,0.276,0.248,0.215,0.237,0.241,0.246,0.243,0.211,0.229,0.193,0.272,0.28,0.261,0.252,0.234,0.238,0.235,0.238,0.24,0.207,0.209,0.216,0.263,0.268,0.255,0.242,0.223,0.235,0.232,0.232,0.245,0.195,0.194,0.182,0.259,0.255,0.26,0.263,0.232,0.251,0.24,0.253,0.253,0.229,0.22,0.218
wt,OD,7:45:06,37,0.282,0.293,0.294,0.273,0.271,0.256,0.27,0.271,0.258,0.272,0.274,0.26,0.267,0.257,0.267,0.255,0.255,0.249,0.243,0.239,0.244,0.191,0.186,0.187,0.257,0.264,0.261,0.198,0.18,0.246,0.242,0.237,0.239,0.22,0.209,0.204,0.288,0.268,0.283,0.254,0.218,0.238,0.243,0.248,0.247,0.216,0.232,0.197,0.289,0.275,0.269,0.256,0.236,0.241,0.237,0.242,0.244,0.21,0.212,0.22,0.275,0.26,0.263,0.245,0.225,0.238,0.234,0.234,0.248,0.199,0.195,0.184,0.264,0.267,0.268,0.265,0.233,0.256,0.244,0.257,0.258,0.233,0.222,0.22
wt,OD,8:00:06,37,0.282,0.298,0.291,0.275,0.27,0.259,0.274,0.275,0.264,0.277,0.278,0.264,0.277,0.263,0.269,0.256,0.258,0.253,0.246,0.242,0.248,0.193,0.188,0.189,0.27,0.269,0.263,0.204,0.183,0.248,0.244,0.24,0.243,0.223,0.213,0.207,0.288,0.27,0.282,0.256,0.223,0.242,0.247,0.253,0.251,0.221,0.236,0.202,0.293,0.281,0.275,0.259,0.239,0.247,0.243,0.248,0.249,0.214,0.216,0.224,0.284,0.277,0.265,0.246,0.229,0.243,0.239,0.239,0.252,0.204,0.199,0.187,0.274,0.267,0.268,0.268,0.238,0.262,0.248,0.261,0.264,0.237,0.227,0.223
wt,OD,8:15:06,37,0.286,0.299,0.299,0.278,0.274,0.261,0.279,0.279,0.268,0.281,0.281,0.267,0.29,0.267,0.276,0.259,0.262,0.258,0.249,0.246,0.251,0.195,0.192,0.19,0.289,0.27,0.266,0.21,0.188,0.251,0.247,0.244,0.246,0.226,0.216,0.21,0.296,0.277,0.286,0.26,0.227,0.246,0.251,0.257,0.255,0.225,0.238,0.207,0.288,0.288,0.277,0.263,0.242,0.251,0.246,0.249,0.251,0.217,0.218,0.227,0.281,0.28,0.267,0.25,0.233,0.248,0.241,0.242,0.256,0.208,0.202,0.192,0.275,0.274,0.272,0.273,0.245,0.265,0.252,0.265,0.267,0.241,0.233,0.227
wt,OD,8:30:06,37,0.296,0.3,0.309,0.28,0.277,0.263,0.281,0.283,0.272,0.284,0.286,0.271,0.285,0.267,0.279,0.265,0.266,0.261,0.253,0.249,0.255,0.198,0.195,0.192,0.278,0.277,0.271,0.219,0.193,0.254,0.251,0.249,0.249,0.229,0.219,0.214,0.3,0.284,0.287,0.262,0.231,0.251,0.257,0.261,0.259,0.229,0.242,0.211,0.281,0.294,0.276,0.267,0.247,0.255,0.25,0.252,0.254,0.22,0.223,0.232,0.283,0.284,0.274,0.254,0.235,0.255,0.247,0.248,0.261,0.21,0.207,0.197,0.284,0.279,0.274,0.276,0.247,0.269,0.257,0.27,0.273,0.245,0.235,0.232
wt,OD,8:45:06,37,0.3,0.307,0.313,0.284,0.279,0.267,0.284,0.286,0.274,0.288,0.287,0.275,0.289,0.274,0.283,0.267,0.269,0.263,0.257,0.252,0.259,0.2,0.198,0.196,0.292,0.285,0.274,0.224,0.198,0.258,0.254,0.25,0.253,0.232,0.223,0.217,0.305,0.286,0.292,0.265,0.234,0.255,0.26,0.264,0.262,0.232,0.245,0.216,0.29,0.294,0.282,0.269,0.25,0.257,0.252,0.257,0.258,0.225,0.227,0.235,0.287,0.294,0.282,0.26,0.237,0.259,0.253,0.253,0.266,0.211,0.212,0.201,0.286,0.279,0.278,0.282,0.254,0.273,0.26,0.273,0.277,0.248,0.24,0.237
wt,OD,9:00:06,37,0.297,0.312,0.311,0.291,0.285,0.271,0.289,0.289,0.278,0.291,0.29,0.278,0.296,0.277,0.284,0.269,0.272,0.263,0.26,0.255,0.261,0.202,0.201,0.198,0.285,0.289,0.279,0.226,0.204,0.261,0.257,0.252,0.255,0.234,0.225,0.22,0.302,0.287,0.293,0.267,0.237,0.257,0.261,0.266,0.266,0.234,0.25,0.221,0.291,0.295,0.287,0.27,0.252,0.259,0.254,0.257,0.26,0.227,0.231,0.239,0.302,0.296,0.279,0.262,0.239,0.26,0.254,0.254,0.267,0.215,0.217,0.206,0.293,0.283,0.28,0.286,0.255,0.275,0.263,0.277,0.28,0.253,0.246,0.242
wt,OD,9:15:06,37,0.297,0.317,0.313,0.297,0.292,0.278,0.289,0.293,0.282,0.295,0.292,0.284,0.299,0.28,0.288,0.271,0.273,0.265,0.263,0.257,0.264,0.206,0.204,0.2,0.296,0.294,0.281,0.231,0.211,0.263,0.26,0.255,0.256,0.238,0.228,0.223,0.296,0.29,0.298,0.272,0.242,0.26,0.264,0.27,0.268,0.24,0.251,0.225,0.295,0.298,0.294,0.277,0.256,0.262,0.257,0.263,0.263,0.23,0.234,0.242,0.289,0.297,0.283,0.267,0.244,0.263,0.258,0.259,0.269,0.219,0.221,0.212,0.292,0.287,0.283,0.288,0.259,0.275,0.267,0.279,0.282,0.254,0.248,0.247
wt,OD,9:30:06,37,0.31,0.321,0.315,0.297,0.291,0.278,0.296,0.297,0.286,0.297,0.298,0.286,0.303,0.282,0.291,0.274,0.276,0.274,0.266,0.26,0.267,0.21,0.207,0.204,0.302,0.295,0.283,0.235,0.215,0.266,0.262,0.258,0.261,0.241,0.23,0.226,0.309,0.296,0.302,0.274,0.245,0.265,0.267,0.273,0.273,0.241,0.257,0.228,0.3,0.301,0.286,0.276,0.257,0.266,0.26,0.266,0.267,0.232,0.236,0.244,0.304,0.297,0.289,0.27,0.25,0.266,0.261,0.261,0.275,0.225,0.226,0.215,0.298,0.289,0.287,0.289,0.262,0.282,0.269,0.28,0.284,0.26,0.252,0.249
wt,OD,9:45:06,37,0.315,0.327,0.322,0.303,0.296,0.282,0.297,0.3,0.288,0.301,0.303,0.288,0.299,0.285,0.294,0.273,0.277,0.274,0.267,0.263,0.27,0.213,0.215,0.208,0.3,0.295,0.286,0.239,0.219,0.267,0.264,0.259,0.262,0.243,0.233,0.229,0.325,0.3,0.301,0.275,0.247,0.265,0.27,0.276,0.275,0.243,0.258,0.231,0.307,0.304,0.289,0.277,0.262,0.268,0.263,0.268,0.271,0.234,0.237,0.246,0.301,0.299,0.29,0.273,0.254,0.267,0.265,0.263,0.277,0.229,0.227,0.221,0.306,0.297,0.291,0.294,0.263,0.282,0.274,0.284,0.288,0.263,0.254,0.253
wt,OD,10:00:06,37,0.316,0.328,0.328,0.304,0.298,0.287,0.302,0.304,0.294,0.305,0.303,0.293,0.306,0.286,0.298,0.275,0.281,0.278,0.272,0.267,0.274,0.218,0.22,0.213,0.302,0.299,0.287,0.243,0.222,0.27,0.266,0.261,0.264,0.245,0.236,0.231,0.318,0.298,0.302,0.275,0.251,0.268,0.274,0.279,0.279,0.248,0.261,0.233,0.308,0.303,0.29,0.279,0.262,0.272,0.266,0.271,0.274,0.238,0.242,0.249,0.303,0.301,0.289,0.275,0.256,0.271,0.268,0.267,0.281,0.232,0.233,0.222,0.305,0.29,0.293,0.296,0.264,0.286,0.275,0.289,0.292,0.267,0.261,0.257
wt,OD,10:15:06,37,0.316,0.332,0.325,0.309,0.305,0.288,0.302,0.308,0.296,0.306,0.302,0.295,0.306,0.294,0.302,0.278,0.283,0.279,0.272,0.269,0.277,0.222,0.224,0.217,0.31,0.302,0.288,0.246,0.225,0.272,0.267,0.264,0.267,0.249,0.239,0.235,0.318,0.305,0.309,0.277,0.253,0.271,0.276,0.282,0.281,0.25,0.262,0.237,0.31,0.31,0.294,0.283,0.264,0.273,0.268,0.274,0.276,0.241,0.244,0.251,0.304,0.304,0.291,0.275,0.259,0.274,0.268,0.27,0.284,0.235,0.237,0.226,0.304,0.3,0.296,0.296,0.266,0.286,0.279,0.292,0.295,0.272,0.267,0.26
wt,OD,10:30:06,37,0.325,0.33,0.336,0.311,0.307,0.292,0.308,0.312,0.3,0.31,0.308,0.298,0.308,0.298,0.306,0.283,0.288,0.285,0.28,0.275,0.283,0.225,0.227,0.222,0.305,0.299,0.295,0.25,0.229,0.274,0.269,0.267,0.268,0.251,0.241,0.237,0.324,0.306,0.31,0.283,0.257,0.275,0.281,0.286,0.285,0.253,0.265,0.239,0.315,0.312,0.301,0.283,0.267,0.276,0.272,0.278,0.279,0.243,0.246,0.253,0.31,0.304,0.296,0.277,0.263,0.279,0.274,0.274,0.288,0.239,0.24,0.231,0.311,0.298,0.298,0.301,0.27,0.291,0.283,0.294,0.297,0.279,0.27,0.267
wt,OD,10:45:06,37,0.314,0.339,0.339,0.317,0.307,0.297,0.31,0.315,0.303,0.313,0.31,0.302,0.312,0.302,0.307,0.286,0.289,0.286,0.283,0.278,0.286,0.227,0.229,0.227,0.307,0.304,0.291,0.252,0.233,0.276,0.273,0.269,0.271,0.255,0.245,0.24,0.322,0.303,0.312,0.286,0.257,0.276,0.283,0.289,0.286,0.257,0.269,0.242,0.319,0.315,0.303,0.287,0.271,0.278,0.276,0.28,0.283,0.245,0.247,0.256,0.311,0.307,0.299,0.281,0.264,0.281,0.277,0.276,0.292,0.241,0.24,0.232,0.318,0.296,0.301,0.305,0.272,0.293,0.284,0.298,0.301,0.28,0.27,0.268
wt,OD,11:00:06,37,0.328,0.341,0.34,0.316,0.31,0.299,0.315,0.318,0.307,0.318,0.313,0.304,0.314,0.304,0.314,0.288,0.292,0.288,0.286,0.282,0.288,0.231,0.232,0.232,0.312,0.303,0.296,0.255,0.234,0.279,0.274,0.272,0.274,0.258,0.247,0.242,0.326,0.302,0.315,0.29,0.257,0.28,0.285,0.293,0.289,0.259,0.271,0.245,0.32,0.321,0.306,0.289,0.271,0.281,0.278,0.281,0.286,0.248,0.25,0.26,0.31,0.314,0.301,0.285,0.264,0.285,0.28,0.279,0.293,0.243,0.245,0.235,0.311,0.303,0.311,0.307,0.274,0.299,0.29,0.302,0.304,0.284,0.278,0.272
wt,OD,11:15:06,37,0.33,0.348,0.345,0.324,0.311,0.307,0.319,0.322,0.31,0.322,0.319,0.309,0.318,0.303,0.317,0.293,0.297,0.293,0.289,0.284,0.291,0.235,0.235,0.235,0.317,0.311,0.304,0.256,0.239,0.283,0.278,0.275,0.276,0.26,0.248,0.245,0.329,0.304,0.317,0.291,0.264,0.283,0.289,0.295,0.291,0.26,0.272,0.248,0.332,0.316,0.308,0.292,0.274,0.284,0.28,0.284,0.287,0.249,0.252,0.26,0.317,0.317,0.305,0.287,0.266,0.288,0.283,0.283,0.299,0.246,0.247,0.238,0.324,0.303,0.316,0.309,0.281,0.302,0.292,0.305,0.307,0.285,0.281,0.274
wt,OD,11:30:06,37,0.335,0.349,0.346,0.328,0.318,0.308,0.321,0.325,0.314,0.323,0.321,0.313,0.327,0.31,0.322,0.296,0.298,0.294,0.291,0.286,0.293,0.238,0.237,0.238,0.322,0.314,0.305,0.257,0.243,0.284,0.28,0.275,0.278,0.262,0.251,0.247,0.343,0.312,0.321,0.295,0.268,0.288,0.291,0.297,0.294,0.263,0.273,0.251,0.339,0.319,0.312,0.298,0.28,0.29,0.281,0.285,0.29,0.252,0.255,0.264,0.325,0.321,0.308,0.293,0.27,0.29,0.284,0.285,0.3,0.249,0.25,0.24,0.32,0.315,0.323,0.313,0.282,0.307,0.295,0.307,0.309,0.291,0.282,0.276
wt,OD,11:45:06,37,0.344,0.353,0.35,0.334,0.323,0.313,0.322,0.329,0.319,0.329,0.325,0.316,0.34,0.314,0.323,0.302,0.302,0.3,0.291,0.29,0.297,0.242,0.243,0.241,0.327,0.314,0.304,0.259,0.245,0.286,0.283,0.278,0.282,0.265,0.255,0.251,0.331,0.309,0.324,0.294,0.27,0.289,0.296,0.301,0.298,0.265,0.275,0.254,0.339,0.319,0.315,0.303,0.28,0.295,0.284,0.29,0.293,0.255,0.256,0.265,0.325,0.318,0.314,0.295,0.275,0.294,0.288,0.288,0.302,0.252,0.254,0.244,0.33,0.306,0.322,0.316,0.285,0.307,0.297,0.31,0.313,0.292,0.286,0.28
wt,OD,12:00:06,37,0.343,0.363,0.354,0.338,0.327,0.315,0.328,0.333,0.324,0.332,0.329,0.32,0.336,0.317,0.326,0.303,0.303,0.301,0.297,0.293,0.297,0.246,0.25,0.244,0.32,0.315,0.308,0.263,0.247,0.288,0.285,0.28,0.283,0.267,0.257,0.253,0.346,0.319,0.33,0.294,0.27,0.292,0.297,0.302,0.3,0.268,0.277,0.257,0.338,0.327,0.322,0.306,0.285,0.296,0.289,0.291,0.295,0.258,0.259,0.269,0.331,0.32,0.322,0.302,0.277,0.297,0.292,0.291,0.305,0.255,0.255,0.246,0.327,0.323,0.321,0.321,0.291,0.312,0.301,0.312,0.318,0.297,0.288,0.283
wt,OD,12:15:06,37,0.348,0.358,0.357,0.343,0.333,0.318,0.331,0.337,0.328,0.337,0.334,0.323,0.338,0.319,0.331,0.306,0.307,0.303,0.298,0.296,0.299,0.249,0.254,0.247,0.312,0.317,0.309,0.264,0.248,0.289,0.286,0.282,0.284,0.269,0.259,0.256,0.338,0.324,0.34,0.301,0.275,0.296,0.299,0.305,0.302,0.272,0.28,0.259,0.336,0.331,0.324,0.314,0.288,0.299,0.29,0.293,0.298,0.259,0.26,0.272,0.34,0.327,0.324,0.306,0.279,0.3,0.294,0.293,0.306,0.257,0.257,0.249,0.339,0.322,0.32,0.325,0.295,0.314,0.305,0.314,0.319,0.298,0.291,0.286
wt,OD,12:30:06,37,0.349,0.358,0.36,0.348,0.341,0.325,0.332,0.343,0.332,0.34,0.337,0.327,0.342,0.323,0.333,0.307,0.309,0.307,0.301,0.3,0.303,0.253,0.258,0.249,0.316,0.32,0.315,0.266,0.251,0.293,0.287,0.285,0.287,0.271,0.261,0.257,0.344,0.328,0.341,0.307,0.277,0.298,0.305,0.307,0.306,0.275,0.283,0.261,0.34,0.332,0.328,0.317,0.292,0.302,0.293,0.296,0.299,0.261,0.262,0.274,0.341,0.331,0.33,0.313,0.283,0.302,0.298,0.296,0.309,0.259,0.261,0.252,0.342,0.319,0.32,0.332,0.3,0.319,0.309,0.316,0.32,0.299,0.294,0.289
wt,OD,12:45:06,37,0.356,0.36,0.366,0.349,0.342,0.327,0.335,0.344,0.335,0.344,0.341,0.332,0.337,0.326,0.333,0.313,0.314,0.309,0.303,0.301,0.305,0.257,0.262,0.252,0.329,0.325,0.32,0.267,0.254,0.294,0.289,0.288,0.288,0.273,0.263,0.26,0.339,0.331,0.346,0.311,0.282,0.302,0.309,0.311,0.309,0.279,0.285,0.265,0.344,0.345,0.334,0.318,0.299,0.306,0.298,0.299,0.304,0.263,0.264,0.276,0.336,0.334,0.334,0.317,0.288,0.308,0.302,0.3,0.312,0.259,0.264,0.253,0.341,0.332,0.328,0.331,0.304,0.324,0.31,0.32,0.323,0.306,0.296,0.294
wt,OD,13:00:06,37,0.358,0.373,0.361,0.352,0.34,0.328,0.338,0.347,0.337,0.348,0.343,0.335,0.344,0.331,0.338,0.315,0.319,0.311,0.306,0.306,0.31,0.261,0.265,0.256,0.332,0.322,0.322,0.269,0.254,0.297,0.292,0.288,0.291,0.275,0.267,0.261,0.343,0.341,0.348,0.313,0.284,0.305,0.311,0.314,0.311,0.281,0.289,0.269,0.348,0.34,0.334,0.326,0.297,0.306,0.299,0.301,0.305,0.267,0.267,0.28,0.351,0.342,0.335,0.32,0.29,0.309,0.304,0.302,0.315,0.262,0.265,0.259,0.346,0.337,0.331,0.335,0.302,0.323,0.312,0.323,0.325,0.309,0.298,0.298
wt,OD,13:15:06,37,0.36,0.368,0.374,0.355,0.348,0.333,0.344,0.352,0.34,0.351,0.346,0.341,0.35,0.338,0.337,0.321,0.319,0.317,0.308,0.307,0.313,0.266,0.268,0.26,0.34,0.329,0.323,0.27,0.257,0.3,0.294,0.291,0.294,0.276,0.268,0.263,0.35,0.34,0.352,0.319,0.289,0.306,0.313,0.318,0.314,0.285,0.291,0.272,0.346,0.346,0.34,0.323,0.302,0.311,0.301,0.303,0.308,0.268,0.268,0.282,0.352,0.348,0.337,0.318,0.292,0.315,0.306,0.304,0.317,0.268,0.269,0.261,0.35,0.331,0.344,0.333,0.305,0.328,0.314,0.325,0.33,0.31,0.301,0.298
wt,OD,13:30:06,37,0.363,0.365,0.37,0.361,0.352,0.336,0.345,0.354,0.34,0.353,0.352,0.344,0.351,0.336,0.342,0.326,0.32,0.319,0.31,0.31,0.315,0.27,0.27,0.263,0.331,0.325,0.33,0.274,0.256,0.301,0.296,0.292,0.294,0.281,0.27,0.266,0.351,0.344,0.358,0.32,0.292,0.311,0.316,0.319,0.317,0.288,0.292,0.274,0.342,0.337,0.34,0.328,0.304,0.313,0.305,0.304,0.31,0.271,0.271,0.284,0.348,0.353,0.342,0.33,0.298,0.32,0.309,0.305,0.32,0.27,0.272,0.26,0.351,0.342,0.345,0.338,0.311,0.335,0.315,0.329,0.332,0.313,0.303,0.301
wt,OD,13:45:06,37,0.364,0.38,0.382,0.358,0.353,0.34,0.352,0.358,0.341,0.356,0.35,0.348,0.355,0.348,0.345,0.327,0.324,0.32,0.314,0.316,0.318,0.273,0.273,0.264,0.339,0.327,0.328,0.274,0.261,0.304,0.298,0.295,0.295,0.281,0.272,0.267,0.357,0.349,0.357,0.32,0.296,0.315,0.319,0.322,0.32,0.287,0.295,0.277,0.349,0.35,0.34,0.331,0.309,0.316,0.305,0.308,0.314,0.273,0.273,0.286,0.351,0.356,0.344,0.33,0.301,0.322,0.31,0.309,0.324,0.273,0.276,0.266,0.351,0.346,0.343,0.342,0.315,0.338,0.32,0.333,0.334,0.316,0.307,0.304
wt,OD,14:00:06,37,0.36,0.378,0.379,0.369,0.359,0.343,0.353,0.359,0.344,0.358,0.36,0.351,0.363,0.348,0.354,0.333,0.325,0.326,0.319,0.318,0.321,0.276,0.275,0.266,0.339,0.331,0.334,0.278,0.264,0.308,0.301,0.298,0.299,0.283,0.274,0.269,0.364,0.35,0.366,0.329,0.301,0.322,0.324,0.325,0.325,0.291,0.297,0.279,0.364,0.35,0.345,0.338,0.315,0.317,0.308,0.313,0.317,0.275,0.275,0.287,0.359,0.354,0.352,0.331,0.301,0.326,0.315,0.311,0.328,0.275,0.278,0.269,0.356,0.352,0.352,0.347,0.316,0.338,0.323,0.335,0.338,0.321,0.309,0.305
wt,OD,14:15:06,37,0.37,0.382,0.378,0.369,0.358,0.348,0.356,0.361,0.347,0.362,0.365,0.355,0.352,0.348,0.354,0.331,0.331,0.329,0.322,0.321,0.324,0.279,0.278,0.27,0.347,0.339,0.335,0.279,0.264,0.309,0.304,0.3,0.3,0.286,0.277,0.272,0.371,0.355,0.364,0.328,0.304,0.324,0.326,0.329,0.33,0.294,0.301,0.283,0.35,0.362,0.347,0.337,0.314,0.322,0.313,0.317,0.323,0.277,0.278,0.291,0.34,0.357,0.351,0.333,0.304,0.33,0.317,0.316,0.33,0.279,0.282,0.273,0.356,0.352,0.359,0.351,0.316,0.342,0.325,0.34,0.339,0.323,0.312,0.31
wt,OD,14:30:06,37,0.372,0.381,0.375,0.367,0.363,0.354,0.362,0.363,0.35,0.363,0.369,0.358,0.362,0.354,0.351,0.338,0.334,0.328,0.327,0.327,0.326,0.283,0.282,0.273,0.343,0.349,0.338,0.279,0.268,0.313,0.307,0.302,0.302,0.287,0.277,0.273,0.372,0.354,0.372,0.334,0.307,0.329,0.334,0.331,0.336,0.294,0.303,0.284,0.368,0.361,0.352,0.336,0.317,0.321,0.318,0.318,0.324,0.279,0.28,0.293,0.351,0.359,0.357,0.334,0.308,0.332,0.321,0.32,0.334,0.281,0.282,0.277,0.363,0.356,0.357,0.355,0.322,0.345,0.332,0.342,0.344,0.323,0.313,0.313
wt,OD,14:45:06,37,0.375,0.392,0.382,0.374,0.36,0.36,0.366,0.364,0.354,0.367,0.372,0.364,0.368,0.364,0.357,0.338,0.337,0.334,0.33,0.329,0.33,0.285,0.285,0.276,0.34,0.348,0.343,0.281,0.27,0.316,0.309,0.305,0.306,0.289,0.277,0.276,0.371,0.357,0.37,0.331,0.309,0.33,0.337,0.338,0.339,0.299,0.305,0.288,0.368,0.366,0.353,0.343,0.322,0.328,0.323,0.319,0.327,0.281,0.284,0.295,0.369,0.356,0.359,0.334,0.316,0.333,0.325,0.325,0.337,0.283,0.286,0.28,0.36,0.353,0.353,0.358,0.332,0.345,0.333,0.347,0.349,0.326,0.315,0.315
wt,OD,15:00:06,37,0.363,0.393,0.389,0.381,0.364,0.366,0.376,0.373,0.361,0.373,0.38,0.368,0.364,0.353,0.353,0.341,0.337,0.337,0.331,0.333,0.332,0.29,0.289,0.278,0.34,0.35,0.341,0.285,0.273,0.321,0.312,0.305,0.306,0.29,0.28,0.278,0.373,0.362,0.375,0.339,0.314,0.332,0.341,0.342,0.342,0.299,0.308,0.288,0.369,0.368,0.351,0.351,0.323,0.331,0.325,0.322,0.329,0.283,0.283,0.295,0.353,0.362,0.363,0.335,0.316,0.334,0.329,0.327,0.341,0.286,0.287,0.28,0.365,0.36,0.363,0.355,0.33,0.346,0.34,0.351,0.352,0.33,0.317,0.318
wt,OD,15:15:06,37,0.375,0.405,0.399,0.379,0.373,0.368,0.377,0.373,0.361,0.377,0.378,0.374,0.368,0.349,0.36,0.34,0.345,0.342,0.335,0.335,0.337,0.291,0.291,0.282,0.346,0.352,0.345,0.289,0.274,0.325,0.315,0.307,0.308,0.292,0.281,0.278,0.374,0.368,0.381,0.343,0.317,0.334,0.342,0.345,0.345,0.303,0.31,0.292,0.371,0.373,0.355,0.345,0.324,0.331,0.33,0.324,0.332,0.284,0.286,0.299,0.365,0.362,0.367,0.338,0.319,0.336,0.333,0.33,0.343,0.29,0.291,0.284,0.371,0.359,0.366,0.359,0.33,0.347,0.344,0.354,0.356,0.332,0.32,0.32
wt,OD,15:30:06,37,0.372,0.396,0.385,0.389,0.374,0.373,0.383,0.375,0.359,0.38,0.381,0.378,0.378,0.358,0.364,0.343,0.347,0.344,0.337,0.339,0.339,0.297,0.293,0.284,0.351,0.353,0.351,0.294,0.275,0.329,0.317,0.312,0.314,0.293,0.283,0.281,0.385,0.371,0.38,0.343,0.319,0.336,0.346,0.349,0.347,0.305,0.311,0.294,0.375,0.365,0.362,0.348,0.329,0.336,0.329,0.324,0.334,0.286,0.288,0.301,0.362,0.372,0.365,0.339,0.323,0.338,0.335,0.334,0.346,0.291,0.293,0.287,0.374,0.356,0.368,0.363,0.335,0.349,0.343,0.357,0.36,0.336,0.323,0.323
wt,OD,15:45:06,37,0.381,0.411,0.394,0.387,0.38,0.379,0.383,0.38,0.362,0.384,0.385,0.382,0.376,0.354,0.382,0.347,0.35,0.349,0.342,0.343,0.343,0.301,0.295,0.287,0.364,0.352,0.35,0.297,0.28,0.333,0.321,0.314,0.315,0.293,0.283,0.281,0.369,0.376,0.383,0.345,0.324,0.34,0.348,0.348,0.351,0.307,0.314,0.297,0.377,0.371,0.361,0.356,0.333,0.334,0.334,0.325,0.336,0.287,0.289,0.3,0.384,0.363,0.363,0.346,0.326,0.346,0.338,0.334,0.348,0.293,0.295,0.289,0.381,0.369,0.366,0.365,0.337,0.358,0.348,0.361,0.363,0.339,0.326,0.326
wt,OD,16:00:06,37,0.388,0.397,0.406,0.393,0.395,0.382,0.39,0.384,0.364,0.387,0.384,0.387,0.365,0.364,0.373,0.351,0.348,0.351,0.347,0.347,0.345,0.302,0.298,0.291,0.35,0.363,0.355,0.299,0.282,0.335,0.324,0.319,0.319,0.293,0.282,0.282,0.393,0.376,0.39,0.351,0.329,0.341,0.354,0.353,0.353,0.308,0.317,0.298,0.387,0.374,0.365,0.355,0.336,0.343,0.334,0.329,0.339,0.289,0.291,0.303,0.38,0.373,0.369,0.342,0.327,0.343,0.34,0.337,0.351,0.295,0.3,0.294,0.381,0.376,0.383,0.368,0.34,0.355,0.352,0.363,0.365,0.341,0.331,0.33
wt,OD,16:15:06,37,0.394,0.418,0.426,0.398,0.398,0.388,0.395,0.383,0.372,0.392,0.395,0.391,0.382,0.363,0.37,0.356,0.355,0.355,0.35,0.35,0.346,0.307,0.302,0.293,0.365,0.361,0.365,0.301,0.284,0.338,0.33,0.322,0.321,0.296,0.286,0.285,0.39,0.38,0.39,0.35,0.329,0.344,0.355,0.354,0.356,0.314,0.319,0.302,0.382,0.369,0.373,0.363,0.341,0.344,0.338,0.331,0.342,0.292,0.292,0.305,0.38,0.376,0.372,0.344,0.333,0.348,0.343,0.34,0.353,0.298,0.3,0.294,0.387,0.376,0.379,0.375,0.348,0.355,0.357,0.366,0.365,0.344,0.332,0.332
wt,OD,16:30:06,37,0.409,0.406,0.406,0.403,0.398,0.392,0.4,0.388,0.375,0.397,0.402,0.396,0.386,0.366,0.385,0.356,0.356,0.355,0.355,0.356,0.35,0.31,0.306,0.296,0.366,0.365,0.37,0.302,0.286,0.338,0.333,0.324,0.323,0.296,0.286,0.286,0.398,0.386,0.391,0.361,0.334,0.344,0.358,0.36,0.357,0.315,0.318,0.304,0.39,0.383,0.369,0.356,0.343,0.347,0.34,0.334,0.344,0.292,0.297,0.307,0.38,0.378,0.368,0.352,0.334,0.352,0.348,0.342,0.356,0.299,0.301,0.295,0.394,0.383,0.379,0.374,0.35,0.36,0.358,0.371,0.368,0.347,0.334,0.334
wt,OD,16:45:06,37,0.409,0.423,0.418,0.414,0.405,0.395,0.411,0.393,0.381,0.398,0.407,0.401,0.389,0.368,0.391,0.357,0.36,0.357,0.358,0.36,0.353,0.314,0.311,0.3,0.367,0.363,0.352,0.306,0.289,0.341,0.336,0.328,0.327,0.297,0.288,0.288,0.393,0.385,0.395,0.359,0.338,0.349,0.362,0.362,0.362,0.316,0.323,0.305,0.394,0.389,0.374,0.362,0.345,0.349,0.344,0.337,0.346,0.293,0.296,0.308,0.385,0.384,0.374,0.355,0.334,0.353,0.351,0.346,0.361,0.306,0.303,0.297,0.402,0.389,0.387,0.38,0.35,0.365,0.362,0.374,0.374,0.35,0.34,0.338
wt,OD,17:00:06,37,0.409,0.424,0.425,0.408,0.418,0.401,0.41,0.391,0.379,0.403,0.409,0.404,0.391,0.39,0.394,0.365,0.363,0.363,0.366,0.366,0.358,0.317,0.315,0.304,0.371,0.373,0.364,0.308,0.292,0.344,0.338,0.331,0.329,0.298,0.29,0.29,0.401,0.392,0.395,0.361,0.34,0.351,0.364,0.366,0.366,0.316,0.322,0.305,0.401,0.397,0.38,0.36,0.348,0.349,0.346,0.338,0.35,0.296,0.298,0.31,0.381,0.395,0.38,0.359,0.336,0.354,0.354,0.346,0.36,0.307,0.306,0.299,0.398,0.384,0.391,0.381,0.352,0.363,0.366,0.379,0.376,0.353,0.34,0.341
wt,OD,17:15:06,37,0.413,0.43,0.419,0.41,0.405,0.402,0.413,0.392,0.387,0.407,0.413,0.412,0.384,0.393,0.403,0.37,0.363,0.363,0.37,0.371,0.363,0.321,0.32,0.305,0.366,0.382,0.38,0.309,0.292,0.347,0.339,0.332,0.331,0.298,0.29,0.289,0.41,0.395,0.4,0.367,0.342,0.352,0.368,0.369,0.37,0.316,0.322,0.306,0.392,0.397,0.388,0.369,0.348,0.354,0.348,0.34,0.353,0.295,0.3,0.313,0.393,0.398,0.386,0.36,0.341,0.361,0.356,0.352,0.364,0.305,0.307,0.3,0.391,0.385,0.395,0.387,0.352,0.371,0.37,0.385,0.381,0.356,0.345,0.342
wt,OD,17:30:06,37,0.405,0.429,0.435,0.416,0.411,0.409,0.419,0.391,0.395,0.412,0.418,0.413,0.399,0.382,0.396,0.375,0.373,0.369,0.376,0.375,0.368,0.326,0.324,0.309,0.38,0.387,0.375,0.311,0.3,0.35,0.343,0.338,0.335,0.301,0.294,0.293,0.414,0.394,0.402,0.366,0.348,0.355,0.37,0.371,0.373,0.319,0.325,0.309,0.395,0.403,0.393,0.369,0.352,0.356,0.352,0.34,0.358,0.3,0.302,0.313,0.387,0.398,0.388,0.365,0.345,0.359,0.363,0.354,0.367,0.309,0.31,0.303,0.4,0.388,0.398,0.392,0.354,0.372,0.376,0.387,0.385,0.357,0.35,0.347
wt,OD,17:45:06,37,0.415,0.431,0.437,0.422,0.411,0.416,0.423,0.402,0.396,0.417,0.422,0.419,0.394,0.389,0.412,0.376,0.372,0.374,0.381,0.378,0.373,0.329,0.328,0.314,0.375,0.39,0.38,0.314,0.301,0.353,0.348,0.343,0.339,0.304,0.296,0.295,0.422,0.401,0.411,0.366,0.35,0.357,0.373,0.377,0.376,0.322,0.327,0.313,0.396,0.404,0.389,0.372,0.354,0.357,0.355,0.345,0.359,0.301,0.306,0.314,0.392,0.389,0.384,0.368,0.349,0.361,0.365,0.355,0.373,0.31,0.312,0.308,0.404,0.396,0.4,0.395,0.365,0.372,0.38,0.388,0.391,0.36,0.351,0.356
wt,OD,18:00:06,37,0.418,0.426,0.441,0.42,0.407,0.419,0.427,0.406,0.401,0.421,0.426,0.423,0.394,0.4,0.419,0.376,0.376,0.376,0.386,0.383,0.378,0.333,0.333,0.32,0.382,0.389,0.381,0.316,0.304,0.352,0.351,0.344,0.339,0.305,0.297,0.295,0.427,0.4,0.415,0.369,0.355,0.36,0.374,0.38,0.38,0.323,0.326,0.314,0.406,0.402,0.392,0.379,0.355,0.352,0.358,0.348,0.363,0.302,0.306,0.317,0.407,0.393,0.383,0.373,0.348,0.365,0.37,0.358,0.371,0.312,0.314,0.308,0.393,0.388,0.403,0.394,0.365,0.376,0.385,0.394,0.392,0.362,0.355,0.357
wt,OD,18:15:06,37,0.421,0.442,0.446,0.42,0.409,0.421,0.435,0.408,0.406,0.423,0.424,0.431,0.401,0.396,0.415,0.382,0.385,0.375,0.387,0.387,0.381,0.338,0.337,0.329,0.389,0.39,0.383,0.322,0.306,0.354,0.348,0.348,0.345,0.309,0.298,0.298,0.428,0.403,0.411,0.369,0.354,0.359,0.378,0.386,0.383,0.325,0.329,0.316,0.41,0.401,0.393,0.381,0.358,0.358,0.36,0.353,0.365,0.303,0.307,0.318,0.407,0.398,0.39,0.367,0.35,0.368,0.37,0.363,0.376,0.316,0.315,0.311,0.395,0.397,0.407,0.396,0.364,0.384,0.389,0.399,0.401,0.366,0.356,0.361
wt,OD,18:30:06,37,0.426,0.44,0.452,0.43,0.417,0.426,0.447,0.411,0.413,0.425,0.43,0.435,0.389,0.407,0.413,0.383,0.391,0.385,0.391,0.394,0.384,0.342,0.339,0.333,0.395,0.385,0.387,0.321,0.311,0.359,0.354,0.35,0.349,0.311,0.3,0.301,0.428,0.405,0.412,0.375,0.357,0.366,0.381,0.391,0.385,0.326,0.333,0.318,0.406,0.405,0.396,0.377,0.36,0.362,0.364,0.355,0.367,0.306,0.308,0.319,0.413,0.403,0.394,0.373,0.356,0.368,0.375,0.364,0.38,0.316,0.317,0.313,0.401,0.399,0.411,0.399,0.372,0.38,0.394,0.402,0.404,0.371,0.36,0.36
wt,OD,18:45:06,37,0.426,0.438,0.455,0.431,0.414,0.431,0.452,0.418,0.428,0.432,0.435,0.443,0.401,0.404,0.4,0.387,0.393,0.384,0.392,0.398,0.392,0.344,0.341,0.339,0.398,0.394,0.386,0.326,0.309,0.363,0.358,0.355,0.353,0.313,0.304,0.303,0.427,0.409,0.417,0.376,0.358,0.368,0.389,0.397,0.389,0.327,0.334,0.32,0.412,0.405,0.397,0.383,0.363,0.367,0.369,0.358,0.37,0.308,0.311,0.319,0.411,0.402,0.395,0.381,0.355,0.367,0.377,0.368,0.383,0.318,0.321,0.314,0.394,0.406,0.409,0.401,0.376,0.381,0.397,0.411,0.406,0.376,0.366,0.365
wt,OD,19:00:06,37,0.417,0.442,0.458,0.44,0.426,0.438,0.451,0.421,0.432,0.436,0.439,0.447,0.405,0.416,0.427,0.385,0.397,0.392,0.394,0.396,0.391,0.349,0.343,0.343,0.401,0.395,0.393,0.329,0.316,0.364,0.356,0.355,0.355,0.316,0.305,0.305,0.428,0.416,0.416,0.375,0.363,0.373,0.391,0.402,0.393,0.327,0.336,0.322,0.391,0.418,0.399,0.39,0.363,0.37,0.369,0.362,0.374,0.31,0.31,0.32,0.419,0.402,0.391,0.38,0.357,0.375,0.377,0.37,0.382,0.32,0.324,0.317,0.406,0.414,0.404,0.407,0.38,0.39,0.401,0.414,0.409,0.374,0.364,0.368
wt,CFP,0:00:27,37,2,3,1,2,1,2,2,2,1,3,2,2,3,2,4,3,2,2,2,3,2,3,2,2,2,2,3,3,3,2,1,2,2,3,2,3,3,3,2,2,3,2,3,2,2,3,3,2,3,3,3,3,3,3,3,2,2,2,2,2,3,2,3,2,1,3,2,3,3,2,3,3,3,3,3,4,4,3,3,3,3,3,4,3
wt,CFP,0:15:27,37,3,3,0,3,3,3,1,2,3,1,2,2,3,2,2,2,3,2,1,2,2,1,2,2,3,2,2,2,2,2,2,1,2,2,2,2,2,2,3,3,2,3,2,2,2,3,2,2,2,3,3,4,2,3,3,2,1,3,3,2,2,3,3,3,3,3,3,2,2,2,2,2,3,4,3,3,3,4,3,3,3,4,3,2
wt,CFP,0:30:27,37,1,2,0,3,4,2,1,3,1,3,1,3,2,2,3,4,3,2,3,1,1,2,2,2,3,1,2,2,2,3,2,2,2,2,2,2,2,3,2,2,3,2,3,2,2,3,2,2,2,3,3,2,4,3,3,2,2,2,2,1,2,3,2,3,3,2,3,3,2,2,2,2,3,4,3,3,4,3,3,4,3,3,3,4
wt,CFP,0:45:27,37,3,2,4,3,4,2,2,2,4,2,3,2,2,3,2,3,2,2,2,2,3,3,3,3,3,2,2,1,2,2,1,2,2,1,2,3,3,3,3,2,3,1,2,2,2,3,2,2,3,3,3,2,3,3,2,2,2,2,2,2,3,3,3,2,3,3,3,3,3,2,3,2,3,3,3,4,4,5,3,3,3,3,3,4
wt,CFP,1:00:27,37,2,3,2,2,6,2,1,1,2,2,1,2,2,2,2,3,2,2,2,2,2,2,3,2,3,2,2,2,3,2,2,1,2,1,2,2,2,3,3,3,3,2,3,2,1,2,2,2,2,3,2,4,2,2,3,2,2,2,2,3,2,3,2,2,2,2,1,2,3,2,2,2,3,4,3,4,4,5,4,5,4,4,4,4
wt,CFP,1:15:27,37,2,2,2,2,4,2,1,2,2,2,2,3,3,3,3,3,2,2,2,2,3,2,2,2,2,2,2,2,2,3,2,2,1,2,3,2,3,3,3,2,3,2,3,3,2,2,1,2,3,2,3,3,3,2,3,3,2,2,3,3,3,3,3,3,3,2,2,4,3,3,3,2,4,4,4,3,5,4,3,3,4,4,5,5
wt,CFP,1:30:27,37,1,3,3,2,3,4,3,2,2,2,2,3,3,2,2,2,2,2,1,2,2,3,3,3,2,2,3,2,3,2,3,2,2,3,2,2,2,3,3,3,3,3,2,3,2,3,3,2,3,3,2,2,3,3,3,3,1,3,2,2,1,2,3,2,4,3,3,2,2,2,2,1,4,5,4,3,4,4,4,4,4,4,5,5
wt,CFP,1:45:27,37,3,2,4,2,1,1,2,2,2,2,3,3,2,3,2,3,2,2,2,2,2,3,2,3,3,2,3,3,2,2,2,2,2,2,1,2,3,4,3,2,3,2,2,2,2,2,2,2,3,3,2,2,3,3,2,2,2,2,2,2,3,3,2,3,3,2,3,3,3,3,3,2,4,4,5,3,4,5,4,4,5,6,6,5
wt,CFP,2:00:27,37,1,1,2,2,2,3,2,2,3,2,3,3,2,3,3,2,4,3,3,3,3,2,3,3,2,4,3,2,2,3,2,2,2,2,3,2,2,2,3,3,3,2,3,3,2,3,3,2,3,3,3,2,2,3,2,2,2,3,3,3,3,2,3,3,3,3,3,2,2,3,3,3,4,4,5,4,5,4,4,5,4,6,7,7
wt,CFP,2:15:27,37,2,2,2,3,1,2,1,2,4,2,2,3,3,2,3,2,2,2,3,2,3,3,4,2,3,1,3,2,2,2,2,3,3,2,2,2,3,3,3,3,3,2,3,3,2,3,3,3,2,2,2,2,3,2,3,3,2,3,3,3,3,3,3,3,3,3,3,2,3,3,3,3,4,5,5,5,5,5,6,5,5,8,8,7
wt,CFP,2:30:27,37,2,3,2,3,2,2,3,3,1,3,3,2,3,3,3,4,2,2,2,3,3,2,3,3,2,2,2,3,3,2,2,2,3,2,3,2,2,3,3,3,3,2,2,2,3,4,2,2,3,2,3,4,2,2,3,2,3,3,3,2,2,3,3,2,3,3,3,3,3,3,3,4,4,5,5,6,5,5,5,5,5,9,9,9
wt,CFP,2:45:27,37,2,2,3,3,7,3,3,2,0,2,2,2,2,3,3,3,3,3,3,3,4,2,2,3,3,2,3,2,2,2,2,2,3,3,3,3,3,3,3,3,2,3,3,3,2,3,3,3,2,3,2,3,3,2,3,2,2,3,3,3,3,3,2,3,2,3,3,3,4,2,4,4,4,6,5,5,5,5,6,6,6,10,11,10
wt,CFP,3:00:27,37,3,4,2,3,2,1,1,3,3,2,2,3,3,3,2,3,3,3,3,3,3,3,3,4,2,3,3,2,3,2,2,2,2,3,3,2,3,3,3,2,2,3,4,3,3,4,3,3,2,4,2,3,3,3,3,3,3,3,3,3,3,3,3,3,3,3,3,3,3,3,3,3,5,6,6,7,7,7,7,7,7,12,13,11
wt,CFP,3:15:27,37,2,1,2,1,2,2,3,2,2,2,1,2,3,3,3,2,2,3,4,2,2,4,4,4,2,2,3,1,3,3,2,1,2,3,2,2,2,3,2,3,3,3,3,2,3,3,3,2,3,3,2,2,2,2,3,3,3,3,3,4,2,3,3,3,3,2,3,3,3,3,4,4,5,7,6,6,8,7,7,8,8,14,14,13
wt,CFP,3:30:27,37,2,2,2,3,3,2,2,1,2,2,3,2,2,4,2,3,3,3,2,3,3,4,3,4,2,3,2,2,2,2,3,3,3,2,3,3,3,4,3,4,3,3,3,3,3,4,4,4,2,3,3,4,3,3,2,3,3,3,3,4,3,3,3,3,3,3,3,3,4,4,4,4,6,8,7,8,7,7,9,10,10,17,17,16
wt,CFP,3:45:27,37,3,2,2,3,0,2,2,3,2,2,2,3,4,4,3,2,3,3,4,3,3,4,3,4,3,2,2,3,2,2,2,2,2,3,3,3,4,3,4,3,3,3,3,4,3,4,4,4,3,2,3,2,3,3,4,3,3,4,4,4,3,3,3,3,4,3,3,3,3,4,5,4,8,8,8,7,8,9,11,12,12,19,21,18
wt,CFP,4:00:27,37,3,2,1,2,1,2,2,2,3,2,1,3,3,4,3,3,3,4,4,4,4,4,4,4,2,3,3,4,2,2,2,3,2,3,3,3,3,3,4,4,3,3,4,4,3,5,4,4,3,3,2,3,3,2,4,3,3,4,5,5,3,3,3,4,2,4,4,4,3,5,4,4,8,9,9,9,11,10,13,14,13,22,24,22
wt,CFP,4:15:27,37,3,3,5,3,4,2,3,3,4,2,2,2,4,4,4,3,4,4,4,3,4,5,5,5,2,3,2,3,3,3,2,2,2,3,4,3,3,4,4,4,3,3,5,4,4,5,4,6,2,3,3,4,4,3,4,4,3,4,6,5,3,3,3,4,3,4,4,4,4,4,5,4,9,11,11,11,11,13,16,16,17,27,28,26
wt,CFP,4:30:27,37,2,2,0,3,3,2,2,2,1,3,2,3,4,5,4,4,4,3,5,5,4,5,5,5,2,3,3,3,3,3,2,3,2,4,3,4,4,3,4,3,4,4,5,4,5,5,6,6,3,3,3,3,3,3,4,4,4,5,6,5,4,4,3,4,3,4,5,4,5,6,4,6,11,12,13,13,13,16,19,20,19,30,33,31
wt,CFP,4:45:27,37,3,3,2,2,2,4,3,2,3,2,2,3,5,4,4,4,4,5,5,6,4,5,6,6,3,2,2,3,3,3,2,3,2,4,4,4,4,5,4,4,4,4,6,5,5,6,5,6,3,3,4,3,3,4,5,4,3,6,6,7,4,3,3,4,3,4,5,5,5,6,5,6,11,15,16,14,15,17,22,25,23,35,38,36
wt,CFP,5:00:27,37,3,3,2,2,3,2,4,3,2,2,3,3,5,5,4,5,4,5,6,5,6,5,6,6,3,2,3,2,3,3,2,3,3,4,4,4,4,5,5,5,3,4,6,6,6,7,7,7,4,3,4,4,4,3,6,5,6,7,7,7,5,4,4,4,3,5,5,6,6,6,6,7,14,17,19,17,17,20,27,29,27,43,46,42
wt,CFP,5:15:27,37,2,3,1,3,7,3,3,2,3,2,3,4,7,6,5,5,4,5,8,7,7,6,7,7,3,3,3,2,2,3,2,2,3,5,5,4,5,5,5,5,4,5,8,7,6,7,8,7,4,4,4,5,4,4,6,6,6,7,8,8,4,4,4,6,4,5,6,6,7,7,7,7,16,21,20,18,20,23,32,35,32,50,55,50
wt,CFP,5:30:27,37,2,2,3,3,2,2,3,2,3,4,3,3,6,6,6,6,7,6,9,8,8,6,7,8,3,3,3,2,3,3,3,2,2,5,5,5,5,6,4,6,3,5,9,9,8,9,9,9,4,4,4,4,4,4,8,7,7,9,9,9,4,5,5,5,5,6,8,7,7,8,8,7,18,23,24,22,24,26,37,41,39,59,64,59
wt,CFP,5:45:27,37,3,3,2,4,4,0,2,3,2,2,2,4,7,7,7,6,6,7,10,10,11,7,7,9,3,3,2,2,3,2,3,3,3,6,6,5,6,7,6,6,5,6,10,10,9,9,10,9,4,4,4,5,5,4,9,8,8,11,11,10,5,6,6,7,5,6,9,10,8,9,9,8,21,26,26,24,25,29,43,48,43,69,74,69
wt,CFP,6:00:27,37,3,4,4,3,3,3,3,3,3,3,3,4,8,8,7,7,7,8,11,11,11,8,9,10,2,3,3,3,3,3,4,3,3,6,7,6,6,8,7,7,5,7,12,10,11,11,11,10,4,5,5,4,4,6,10,9,9,11,12,11,6,6,6,7,5,7,10,11,10,10,10,9,23,30,28,27,29,32,49,56,51,81,89,81
wt,CFP,6:15:27,37,4,3,3,3,2,3,2,4,3,3,3,3,8,8,9,9,8,9,15,12,15,9,9,10,3,2,3,3,3,2,3,4,4,7,7,6,6,8,8,8,4,8,13,13,12,13,12,12,6,5,6,6,4,5,11,11,11,12,14,13,6,6,8,7,6,8,12,13,12,11,11,10,26,31,31,30,31,33,59,64,59,94,102,97
wt,CFP,6:30:27,37,3,3,3,2,4,2,3,2,1,3,4,4,9,8,11,9,9,10,16,14,16,10,11,11,3,2,3,3,2,3,4,4,4,8,8,8,7,8,8,9,6,8,15,15,14,14,13,13,5,5,5,5,6,5,13,13,12,14,15,14,8,7,7,7,5,9,14,14,13,13,13,12,29,37,35,33,35,37,68,73,67,108,120,112
wt,CFP,6:45:27,37,4,3,4,4,3,3,4,3,3,3,3,2,10,9,9,10,9,10,18,17,17,11,12,13,3,3,3,4,3,3,4,3,3,9,10,8,8,9,9,9,6,9,17,17,16,16,15,15,6,5,5,6,5,6,13,13,14,16,17,16,8,9,8,9,7,9,16,16,17,14,14,13,32,38,37,35,37,41,77,83,78,128,135,128
wt,CFP,7:00:27,37,3,2,4,3,2,3,3,4,4,3,3,2,11,11,11,10,9,10,21,19,20,12,13,14,2,4,4,3,3,3,4,4,4,10,10,10,9,9,9,9,6,9,19,18,18,18,18,17,6,6,5,5,6,6,15,14,15,18,19,19,9,9,9,10,7,10,18,17,18,17,16,15,37,41,39,38,41,44,86,93,88,144,152,146
wt,CFP,7:15:27,37,4,4,3,3,3,3,4,3,3,4,3,4,11,11,12,12,11,12,22,21,22,13,14,16,3,3,3,3,2,4,4,4,5,12,13,12,10,10,10,11,7,11,20,21,20,21,20,19,6,6,5,6,6,6,16,15,17,21,21,22,9,10,10,11,7,11,19,20,20,19,17,18,40,45,43,43,44,48,95,102,99,158,171,168
wt,CFP,7:30:27,37,3,4,4,3,3,4,3,3,3,4,4,3,12,12,12,12,12,12,25,24,24,14,16,18,3,3,3,1,3,3,4,5,5,13,13,13,10,12,11,10,8,10,22,22,22,24,23,23,7,6,6,6,6,5,18,18,19,24,24,25,11,11,10,11,9,11,21,22,22,21,19,19,43,47,48,45,46,51,103,112,108,176,188,186
wt,CFP,7:45:27,37,4,5,2,4,4,3,4,3,3,4,3,4,14,13,13,14,13,13,27,27,27,16,17,20,3,3,4,2,3,3,5,5,5,15,15,15,11,11,12,11,9,11,25,25,24,27,27,26,6,6,6,5,6,6,20,19,20,26,26,27,10,11,11,11,10,12,23,23,25,25,22,22,45,52,50,47,49,54,113,126,120,191,205,206
wt,CFP,8:00:27,37,4,4,2,4,5,4,2,3,3,3,3,3,14,14,14,15,14,15,30,29,30,18,21,21,4,4,4,2,3,3,5,5,6,16,16,16,12,12,12,12,10,12,27,26,26,30,29,29,7,6,7,6,7,7,22,21,22,29,29,30,11,10,12,13,10,12,25,26,28,27,25,25,48,55,53,51,54,58,124,134,130,209,226,226
wt,CFP,8:15:27,37,4,3,5,3,6,4,2,3,4,3,4,4,15,15,15,16,15,16,32,31,31,20,24,24,3,2,4,4,2,3,5,5,6,17,18,18,13,12,13,13,10,13,29,29,27,35,33,33,7,6,7,8,8,7,23,23,23,32,32,33,13,13,12,13,10,13,28,29,30,31,29,29,53,58,57,55,56,61,135,147,144,230,247,242
wt,CFP,8:30:27,37,3,4,3,3,2,3,3,3,4,4,4,3,16,15,15,17,15,17,35,34,34,23,26,27,3,4,5,3,3,3,6,6,6,19,21,19,14,13,13,14,11,13,31,32,30,38,37,37,7,7,6,9,7,8,24,23,24,34,35,35,13,13,12,14,11,13,30,31,31,36,33,33,57,62,60,58,60,65,145,156,155,247,265,261
wt,CFP,8:45:27,37,4,4,3,2,5,3,3,3,3,3,3,4,18,17,16,17,17,18,39,38,38,25,30,30,3,4,4,3,3,3,7,6,7,21,21,21,14,14,13,14,12,14,34,34,33,41,41,41,7,7,7,7,8,7,26,26,27,36,37,39,14,15,14,14,11,14,33,33,35,38,35,37,61,66,65,64,64,68,157,167,167,263,282,281
wt,CFP,9:00:27,37,3,4,6,4,4,4,4,3,4,4,3,4,19,17,17,18,18,19,41,41,41,28,34,35,3,4,3,3,3,4,7,7,8,22,23,23,14,14,15,15,12,15,36,36,35,45,45,45,7,8,7,8,8,8,28,26,28,38,39,42,14,14,14,15,12,15,35,37,37,42,39,41,64,70,67,67,68,73,167,180,180,281,299,300
wt,CFP,9:15:27,37,4,4,4,4,5,4,4,4,4,4,3,5,19,19,18,21,19,20,45,43,44,31,38,38,3,4,4,3,3,4,7,8,8,23,24,24,16,15,15,15,12,15,38,38,38,48,48,50,7,7,7,8,8,8,28,28,30,41,41,45,15,16,15,16,13,16,37,39,39,46,43,46,69,73,71,70,72,78,179,191,193,299,320,319
wt,CFP,9:30:27,37,4,4,2,3,6,5,4,4,3,4,4,6,20,19,20,21,20,21,46,46,48,35,43,43,4,3,4,3,4,4,8,7,8,25,27,25,14,15,15,16,14,16,40,41,40,50,51,53,8,8,8,7,8,8,30,29,32,43,44,47,16,16,16,16,15,17,40,41,42,51,48,50,72,76,75,74,76,81,188,203,206,318,338,340
wt,CFP,9:45:27,37,5,5,5,5,5,4,3,4,4,4,4,4,20,20,21,22,21,21,49,50,51,40,47,48,4,3,5,4,3,3,8,8,8,26,27,27,17,16,16,16,15,17,43,43,42,53,53,58,8,9,7,9,8,8,31,30,32,45,47,49,17,17,16,18,15,19,42,44,44,54,51,56,76,79,78,78,80,83,202,213,217,333,356,355
wt,CFP,10:00:27,37,4,4,4,4,6,5,4,4,3,4,5,5,21,22,21,21,23,23,52,52,54,44,52,55,3,3,3,4,4,4,8,8,9,28,29,28,17,18,18,17,16,17,46,45,43,57,57,60,8,9,8,8,8,8,32,30,35,48,49,52,17,17,17,18,15,18,43,45,47,57,54,58,80,85,81,80,84,87,211,226,228,354,373,378
wt,CFP,10:15:27,37,4,4,3,3,5,5,4,5,3,4,4,4,21,22,22,24,23,23,57,56,57,49,57,60,4,4,4,4,4,4,7,8,9,29,30,30,17,18,18,19,16,18,47,48,47,61,61,65,8,9,8,8,9,8,33,33,35,50,51,56,17,18,17,19,17,19,45,50,49,62,58,62,84,88,86,86,88,93,224,237,243,369,392,397
wt,CFP,10:30:27,37,4,5,3,5,7,5,5,3,5,3,4,4,25,23,22,25,25,24,59,60,60,54,62,64,3,3,4,4,3,4,9,8,9,30,32,32,17,19,18,19,17,18,50,50,49,65,63,69,8,8,9,8,9,9,35,34,37,53,53,57,18,18,18,19,17,19,48,52,52,65,61,66,86,93,89,88,92,94,233,246,254,386,408,413
wt,CFP,10:45:27,37,4,4,4,4,6,4,3,4,4,4,3,4,25,24,24,26,25,26,62,62,63,59,66,70,4,4,5,3,3,4,9,9,10,32,33,33,19,18,19,20,18,19,51,52,50,68,68,72,8,9,8,9,9,9,36,35,38,55,56,59,19,19,18,20,17,20,49,52,54,69,65,69,91,95,92,93,95,100,245,257,265,404,427,435
wt,CFP,11:00:27,37,4,5,4,4,8,5,4,4,4,4,5,4,24,25,25,27,27,27,65,66,66,63,71,76,4,4,5,4,3,4,10,9,10,33,35,35,19,20,19,20,18,20,53,55,53,71,70,77,8,8,9,9,10,9,37,35,39,56,59,62,19,20,19,21,18,22,53,56,57,72,69,74,94,98,96,97,100,103,254,267,277,423,446,453
wt,CFP,11:15:27,37,4,5,5,4,4,6,4,4,3,5,4,4,26,26,25,28,28,27,68,68,70,68,77,82,4,4,4,3,4,4,9,9,9,34,36,35,20,20,19,20,19,20,55,56,54,73,73,80,9,9,9,10,10,10,37,37,41,59,61,63,21,19,19,20,20,21,54,57,58,75,72,77,96,101,99,100,103,105,267,277,290,444,467,474
wt,CFP,11:30:27,37,5,5,5,4,4,4,5,4,5,4,4,5,26,27,26,29,27,29,70,71,72,72,80,87,4,5,4,4,4,5,9,9,10,36,37,37,19,20,19,21,21,21,56,58,56,77,77,83,9,9,8,9,9,9,38,37,41,60,62,65,21,21,20,22,20,22,55,58,61,79,77,81,101,106,103,105,108,110,275,288,301,460,484,491
wt,CFP,11:45:27,37,4,4,4,4,5,3,4,5,5,4,3,5,28,27,27,29,29,30,72,74,74,77,85,92,5,5,4,4,3,4,9,10,10,36,38,38,20,22,20,21,21,21,58,60,58,80,80,86,10,8,9,10,10,10,40,38,43,61,63,66,22,21,20,23,20,22,57,61,63,81,79,85,105,108,105,110,112,113,286,298,312,477,499,506
wt,CFP,12:00:27,37,5,5,4,4,3,4,6,4,5,5,4,4,29,29,28,29,29,30,76,76,78,81,91,98,4,5,5,4,5,4,9,10,11,37,38,39,22,22,21,22,21,22,60,62,60,83,84,89,9,8,10,10,10,11,40,39,43,64,66,68,22,22,21,22,20,23,59,62,64,85,81,88,108,112,110,113,116,118,296,308,325,498,518,523
wt,CFP,12:15:27,37,5,6,7,4,5,5,5,4,4,5,5,5,29,30,29,31,31,30,77,80,79,86,96,104,5,5,4,4,4,5,9,10,10,38,39,40,22,22,22,24,22,23,62,63,62,86,87,92,10,9,9,11,10,10,42,39,44,65,67,69,22,22,22,23,22,24,61,65,66,88,85,92,112,116,112,116,119,121,307,314,334,511,538,539
wt,CFP,12:30:27,37,5,4,3,3,4,5,5,5,4,5,5,6,30,30,30,31,31,31,79,81,83,91,101,108,5,4,5,4,4,4,9,10,11,39,41,42,21,23,23,23,22,23,64,65,65,89,89,95,9,9,9,10,11,10,42,40,45,66,69,71,22,22,23,25,22,24,63,66,68,93,89,95,115,119,116,120,122,123,316,326,344,529,554,555
wt,CFP,12:45:27,37,4,5,2,5,3,5,4,5,6,5,5,5,32,30,30,33,33,32,81,84,86,97,106,113,4,5,5,5,4,4,8,9,11,39,41,41,22,22,23,23,22,23,66,67,65,91,92,99,10,10,9,10,10,10,43,41,46,67,70,73,23,24,24,25,23,24,64,68,71,95,92,98,119,120,119,124,126,125,327,338,356,543,566,572
wt,CFP,13:00:27,37,4,4,6,4,5,5,4,5,4,5,6,5,32,32,31,34,34,34,84,87,89,102,110,118,5,4,4,3,5,5,10,10,12,40,41,42,23,23,22,23,24,24,65,68,67,94,95,103,10,10,9,11,11,10,43,42,46,69,72,75,23,25,23,25,24,25,66,70,71,97,94,101,122,125,122,128,131,131,339,347,366,556,586,584
wt,CFP,13:15:27,37,4,5,4,6,5,4,3,4,4,5,6,5,33,33,32,35,34,35,88,89,92,106,114,123,5,5,4,4,4,5,9,10,11,40,43,43,23,24,24,25,24,24,68,70,69,97,98,107,10,10,10,11,10,10,45,43,47,70,73,75,24,24,23,26,24,26,66,72,73,99,97,104,126,126,126,129,133,134,349,359,379,569,601,602
wt,CFP,13:30:27,37,5,6,5,5,4,6,5,4,6,5,6,5,33,33,33,36,34,36,90,92,94,111,118,128,5,4,5,5,4,5,9,10,11,40,42,43,24,24,23,24,25,26,69,72,70,99,101,108,10,10,10,10,11,11,44,45,48,71,74,76,25,25,24,26,25,26,69,73,76,104,100,106,129,133,128,134,138,138,358,367,386,587,618,618
wt,CFP,13:45:27,37,5,4,4,4,5,4,5,5,4,5,4,5,34,35,33,37,36,36,92,96,97,116,123,133,4,4,5,4,5,5,10,10,11,41,43,43,23,25,24,25,25,25,72,73,73,101,103,112,10,10,9,10,11,11,45,44,49,72,75,78,24,26,24,27,25,26,71,76,77,108,104,110,133,134,132,138,141,141,371,378,398,604,634,641
wt,CFP,14:00:27,37,5,5,5,6,5,4,3,5,5,5,5,5,36,35,35,37,37,38,96,98,100,120,127,137,5,4,4,5,4,5,10,10,11,41,44,44,24,26,24,25,25,26,73,75,74,104,104,113,10,10,9,11,11,11,46,45,49,73,76,78,25,25,25,27,26,27,72,77,78,109,106,112,136,139,136,142,144,144,376,388,410,616,642,656
wt,CFP,14:15:27,37,5,5,3,5,6,7,6,4,5,5,5,6,36,36,35,38,37,37,98,101,102,124,132,142,5,4,6,4,4,5,10,10,11,42,43,44,25,26,24,26,27,26,74,76,75,107,107,116,11,9,10,11,11,12,48,46,50,74,76,79,25,25,25,29,26,28,73,78,80,111,107,114,138,142,140,146,148,149,386,399,424,634,662,677
wt,CFP,14:30:27,37,4,5,4,5,2,5,5,5,6,5,4,5,38,36,36,40,38,39,101,104,105,129,136,146,4,4,5,6,5,5,10,10,12,42,42,44,24,27,25,27,27,26,76,78,78,108,111,118,10,10,9,12,11,11,48,47,52,76,77,80,26,27,26,28,26,29,75,79,82,114,110,117,144,147,142,151,153,151,397,406,430,645,677,687
wt,CFP,14:45:27,37,5,4,2,5,5,5,5,5,5,5,5,6,39,38,37,41,39,41,104,108,108,133,142,151,6,5,5,4,5,4,10,9,11,42,43,45,26,27,27,29,27,27,78,80,80,111,113,122,11,10,10,11,11,11,49,48,52,76,79,81,25,27,25,30,27,29,77,83,83,116,112,121,146,149,146,154,157,156,409,421,435,665,700,710
wt,CFP,15:00:27,37,5,4,6,5,4,5,5,6,5,5,5,6,38,39,38,41,41,40,107,110,110,139,147,157,6,5,5,4,4,6,11,11,11,42,44,44,26,27,26,27,29,28,80,82,81,114,116,124,11,9,11,10,12,11,50,48,53,76,79,81,27,27,27,30,27,29,78,85,85,120,115,123,148,152,150,159,161,159,418,430,448,677,703,715
wt,CFP,15:15:27,37,5,7,6,5,6,5,6,4,7,5,5,5,38,39,38,42,41,42,109,112,112,141,150,159,5,5,5,4,5,5,10,10,12,41,44,44,26,27,27,29,28,28,81,83,82,115,116,126,11,10,10,12,12,11,51,49,54,77,81,81,27,28,27,31,28,29,79,85,87,122,119,126,151,155,153,160,163,161,428,440,458,687,713,733
wt,CFP,15:30:27,37,5,6,5,4,5,5,6,5,6,6,6,5,39,40,40,43,42,42,112,115,117,148,155,164,5,5,6,4,5,4,10,10,12,41,43,44,27,27,27,29,29,29,83,85,85,118,120,128,10,11,10,13,12,11,50,49,55,78,80,83,28,29,27,30,28,30,82,87,88,125,121,128,155,158,156,164,168,165,438,451,471,705,725,747
wt,CFP,15:45:27,37,7,6,5,5,5,5,5,5,5,5,5,5,41,41,41,44,43,42,114,119,119,151,158,168,4,6,5,6,5,6,10,10,11,42,43,44,28,28,28,30,30,30,84,87,86,120,120,129,11,11,10,12,12,12,52,49,55,78,80,82,28,29,28,32,29,31,83,88,91,126,122,131,157,162,158,167,170,167,452,462,483,719,740,759
wt,CFP,16:00:27,37,6,6,7,5,5,6,4,5,5,5,6,6,42,42,40,45,43,44,119,121,121,156,164,175,5,5,5,6,4,5,10,10,11,41,42,43,27,28,27,30,30,29,85,88,87,122,124,131,11,11,11,11,12,13,52,51,55,79,81,82,28,29,28,32,29,30,85,90,92,129,125,133,163,168,161,170,174,170,465,476,490,735,753,772
wt,CFP,16:15:27,37,5,5,4,6,4,6,6,5,4,5,5,6,41,42,42,45,43,45,121,124,125,160,167,178,5,6,6,6,5,5,10,11,12,41,43,43,28,28,28,29,30,29,86,89,88,125,125,134,11,10,11,11,12,12,52,51,55,79,83,82,29,29,29,32,31,32,87,92,94,132,128,135,167,171,166,179,179,174,473,481,502,749,769,791
wt,CFP,16:30:27,37,5,5,3,5,4,6,3,5,5,6,5,5,44,43,43,45,44,45,123,127,127,165,173,182,6,6,5,4,5,5,11,10,12,40,42,43,27,29,28,31,31,30,87,91,91,127,127,135,11,12,11,12,12,12,52,51,55,80,82,84,30,30,30,32,31,31,88,94,96,134,129,136,172,173,168,181,181,177,485,491,514,758,784,795
wt,CFP,16:45:27,37,6,5,6,5,6,8,6,6,5,5,4,5,46,44,44,46,46,46,125,130,129,166,176,188,5,6,6,5,5,6,11,11,12,40,42,42,27,30,28,30,32,31,89,93,93,128,129,137,11,11,11,14,13,12,54,51,57,82,83,85,29,29,30,33,32,32,90,95,98,136,129,139,175,177,173,184,186,180,493,507,527,779,799,822
wt,CFP,17:00:27,37,6,5,5,6,6,5,5,5,5,6,7,5,45,45,44,48,46,47,130,132,133,172,179,191,5,5,6,5,5,5,11,11,11,39,41,43,28,30,28,32,33,32,89,94,94,129,132,139,12,11,11,13,13,12,55,52,57,81,82,85,30,31,29,33,32,32,92,95,97,138,133,142,178,180,176,187,190,183,508,522,537,789,807,835
wt,CFP,17:15:27,37,7,5,9,5,6,6,6,5,6,6,7,6,46,45,45,49,47,48,132,135,135,176,183,198,6,6,5,6,6,5,10,11,12,39,41,42,28,31,28,33,33,31,92,95,95,132,133,141,11,12,12,13,13,12,55,52,58,81,83,86,30,31,30,34,32,33,92,97,100,141,134,143,181,183,181,190,192,185,512,521,546,805,830,838
wt,CFP,17:30:27,37,6,7,6,5,5,7,5,6,7,5,5,6,48,46,46,49,49,49,134,139,138,180,189,202,6,6,6,5,5,6,11,11,11,40,41,42,29,31,30,32,33,32,93,96,96,133,134,142,11,11,10,13,13,12,55,52,58,83,83,85,30,31,30,33,32,33,95,100,102,143,136,144,182,186,184,194,196,188,526,533,560,816,843,852
wt,CFP,17:45:27,37,6,5,6,6,6,5,6,5,6,6,4,6,48,46,48,50,50,49,139,141,141,185,192,208,6,5,6,4,5,5,10,11,12,38,40,41,30,32,30,32,34,33,94,99,99,135,138,145,12,12,12,13,14,13,56,54,60,83,84,85,31,33,31,34,33,33,96,101,103,145,139,148,187,189,186,198,200,192,539,541,570,833,857,874
wt,CFP,18:00:27,37,6,6,6,6,7,8,5,5,4,7,6,6,49,48,49,51,50,51,140,144,143,191,197,214,6,6,6,6,5,6,11,11,12,38,40,41,30,32,29,33,35,33,97,100,100,137,139,148,12,11,11,11,13,11,57,54,60,83,84,86,32,33,31,35,34,34,99,103,106,144,141,147,188,192,190,200,203,196,546,554,582,843,879,880
wt,CFP,18:15:27,37,6,6,5,5,7,6,7,6,7,6,6,6,50,49,50,53,51,51,144,146,146,195,201,218,6,6,6,6,5,6,12,12,12,38,39,40,30,33,30,34,34,34,98,100,101,138,140,150,11,11,11,13,13,13,56,55,60,83,85,87,32,32,31,35,34,34,99,104,106,148,141,148,189,194,193,204,206,200,558,562,600,857,878,888
wt,CFP,18:30:27,37,6,7,5,5,6,6,6,6,7,5,7,6,50,50,49,54,52,51,145,148,149,198,205,221,6,6,6,4,6,6,10,11,12,38,39,39,29,33,30,33,35,33,100,103,102,139,141,151,12,12,11,13,13,13,57,55,60,82,84,86,32,33,32,37,34,35,99,105,107,149,143,150,192,197,195,204,206,202,568,574,607,872,896,904
wt,CFP,18:45:27,37,7,6,5,6,6,7,3,7,6,5,6,6,52,50,50,55,55,53,148,150,151,203,209,226,6,6,6,5,5,6,11,11,13,37,38,40,31,33,31,34,36,34,102,105,103,142,145,153,11,13,12,12,13,13,58,55,61,83,85,88,33,34,33,36,35,35,102,106,108,151,144,152,195,201,199,209,210,207,583,581,615,887,926,935
wt,CFP,19:00:27,37,6,7,8,6,4,6,5,6,6,6,6,6,52,51,50,56,55,53,150,153,155,206,214,230,5,5,6,6,6,6,12,11,13,37,39,40,31,34,32,34,36,34,103,105,105,142,147,157,11,12,12,12,14,13,58,56,62,84,87,89,32,33,33,36,35,35,102,107,111,152,145,156,200,203,202,212,212,211,585,600,634,905,936,945