plate,signal,Time,temp,A1,A2,A3,A4,A5,A6,A7,A8,A9,A10,A11,A12,B1,B2,B3,B4,B5,B6,B7,B8,B9,B10,B11,B12,C1,C2,C3,C4,C5,C6,C7,C8,C9,C10,C11,C12,D1,D2,D3,D4,D5,D6,D7,D8,D9,D10,D11,D12,E1,E2,E3,E4,E5,E6,E7,E8,E9,E10,E11,E12,F1,F2,F3,F4,F5,F6,F7,F8,F9,F10,F11,F12
clpP,OD600,0:00:06,37.1,0.154,0.15,0.161,0.158,0.168,0.153,0.171,0.167,0.174,0.159,0.173,0.175,0.163,0.165,0.162,0.162,0.168,0.166,0.173,0.16,0.17,0.157,0.164,0.166,0.162,0.16,0.161,0.159,0.169,0.16,0.169,0.174,0.168,0.168,0.167,0.162,0.159,0.159,0.168,0.153,0.158,0.158,0.16,0.16,0.163,0.166,0.162,0.161,0.162,0.16,0.162,0.158,0.155,0.167,0.157,0.16,0.172,0.171,0.174,0.159,0.159,0.162,0.183,0.158,0.166,0.171,0.168,0.184,0.175,0.183,0.171,0.184
clpP,OD600,0:15:06,37,0.154,0.15,0.164,0.157,0.169,0.152,0.169,0.167,0.175,0.16,0.172,0.174,0.163,0.165,0.162,0.162,0.168,0.166,0.172,0.161,0.169,0.157,0.163,0.166,0.161,0.16,0.161,0.159,0.169,0.159,0.168,0.173,0.167,0.168,0.166,0.161,0.158,0.158,0.167,0.153,0.158,0.158,0.159,0.159,0.163,0.165,0.162,0.16,0.161,0.16,0.161,0.158,0.155,0.167,0.157,0.16,0.171,0.17,0.173,0.16,0.16,0.162,0.18,0.158,0.166,0.171,0.167,0.182,0.174,0.183,0.171,0.185
clpP,OD600,0:30:06,37,0.154,0.15,0.163,0.157,0.171,0.152,0.171,0.167,0.175,0.161,0.172,0.175,0.163,0.163,0.162,0.162,0.167,0.165,0.172,0.16,0.168,0.157,0.162,0.166,0.161,0.16,0.161,0.159,0.168,0.159,0.167,0.174,0.167,0.167,0.165,0.161,0.158,0.158,0.167,0.153,0.158,0.158,0.159,0.159,0.162,0.165,0.161,0.16,0.161,0.16,0.161,0.157,0.155,0.167,0.157,0.16,0.171,0.17,0.172,0.16,0.16,0.161,0.179,0.157,0.166,0.17,0.165,0.183,0.174,0.182,0.17,0.192
clpP,OD600,0:45:06,37,0.154,0.15,0.164,0.157,0.171,0.152,0.17,0.167,0.174,0.161,0.175,0.175,0.163,0.162,0.161,0.162,0.167,0.165,0.171,0.16,0.168,0.158,0.162,0.165,0.161,0.16,0.16,0.159,0.168,0.159,0.167,0.173,0.166,0.167,0.165,0.162,0.157,0.157,0.166,0.152,0.158,0.157,0.159,0.159,0.162,0.165,0.161,0.16,0.161,0.16,0.161,0.157,0.155,0.167,0.157,0.16,0.17,0.169,0.172,0.16,0.159,0.162,0.179,0.159,0.165,0.171,0.165,0.184,0.173,0.182,0.17,0.193
clpP,OD600,1:00:06,37,0.154,0.15,0.166,0.157,0.172,0.152,0.171,0.167,0.174,0.161,0.173,0.174,0.162,0.162,0.162,0.161,0.167,0.165,0.171,0.16,0.167,0.159,0.162,0.165,0.161,0.16,0.16,0.158,0.168,0.159,0.167,0.174,0.166,0.167,0.166,0.161,0.157,0.158,0.166,0.153,0.157,0.158,0.159,0.16,0.161,0.165,0.162,0.16,0.161,0.16,0.161,0.158,0.155,0.167,0.156,0.16,0.17,0.17,0.172,0.16,0.16,0.161,0.178,0.158,0.165,0.171,0.166,0.183,0.173,0.183,0.17,0.194
clpP,OD600,1:15:06,37,0.154,0.15,0.166,0.158,0.171,0.152,0.17,0.167,0.176,0.162,0.172,0.175,0.162,0.162,0.161,0.162,0.167,0.165,0.171,0.161,0.167,0.159,0.162,0.165,0.161,0.159,0.161,0.158,0.168,0.159,0.167,0.173,0.166,0.167,0.166,0.161,0.157,0.158,0.166,0.153,0.158,0.157,0.159,0.16,0.161,0.164,0.161,0.16,0.161,0.16,0.161,0.158,0.155,0.167,0.157,0.16,0.17,0.17,0.172,0.16,0.159,0.163,0.178,0.158,0.165,0.171,0.166,0.184,0.174,0.184,0.17,0.194
clpP,OD600,1:30:06,37,0.154,0.15,0.165,0.158,0.17,0.153,0.168,0.167,0.175,0.163,0.172,0.175,0.162,0.162,0.162,0.162,0.167,0.165,0.171,0.16,0.167,0.158,0.162,0.165,0.161,0.16,0.16,0.159,0.168,0.159,0.167,0.174,0.166,0.167,0.165,0.161,0.158,0.158,0.167,0.153,0.158,0.158,0.159,0.16,0.161,0.165,0.162,0.16,0.161,0.161,0.161,0.158,0.155,0.168,0.157,0.16,0.169,0.17,0.172,0.16,0.16,0.162,0.179,0.16,0.165,0.171,0.167,0.183,0.174,0.185,0.17,0.194
clpP,OD600,1:45:06,37,0.155,0.151,0.166,0.158,0.171,0.153,0.168,0.167,0.176,0.162,0.172,0.175,0.162,0.162,0.162,0.162,0.167,0.165,0.171,0.161,0.167,0.159,0.163,0.165,0.161,0.16,0.161,0.16,0.168,0.16,0.168,0.173,0.166,0.167,0.167,0.162,0.158,0.158,0.167,0.154,0.158,0.158,0.159,0.161,0.162,0.165,0.161,0.16,0.161,0.161,0.161,0.158,0.155,0.168,0.157,0.16,0.17,0.17,0.172,0.16,0.16,0.162,0.179,0.159,0.165,0.172,0.167,0.182,0.173,0.187,0.17,0.195
clpP,OD600,2:00:06,37,0.155,0.151,0.167,0.158,0.171,0.154,0.169,0.167,0.175,0.162,0.174,0.176,0.162,0.162,0.162,0.162,0.167,0.165,0.171,0.161,0.168,0.158,0.162,0.166,0.162,0.161,0.161,0.159,0.169,0.16,0.168,0.174,0.167,0.168,0.166,0.162,0.158,0.158,0.167,0.154,0.158,0.159,0.159,0.161,0.162,0.165,0.162,0.16,0.162,0.162,0.162,0.158,0.155,0.168,0.157,0.161,0.17,0.17,0.172,0.16,0.161,0.163,0.179,0.16,0.166,0.171,0.167,0.183,0.174,0.186,0.171,0.194
clpP,OD600,2:15:06,37,0.156,0.152,0.168,0.159,0.173,0.154,0.173,0.168,0.178,0.162,0.176,0.176,0.162,0.162,0.161,0.162,0.166,0.165,0.171,0.161,0.167,0.158,0.162,0.166,0.162,0.162,0.162,0.16,0.169,0.161,0.168,0.175,0.167,0.168,0.166,0.163,0.159,0.159,0.167,0.155,0.159,0.159,0.16,0.161,0.162,0.165,0.161,0.16,0.162,0.162,0.162,0.159,0.156,0.168,0.158,0.161,0.17,0.171,0.173,0.161,0.161,0.162,0.179,0.16,0.166,0.171,0.167,0.185,0.174,0.186,0.172,0.189
clpP,OD600,2:30:06,37,0.157,0.153,0.168,0.16,0.172,0.155,0.172,0.169,0.177,0.163,0.172,0.176,0.162,0.163,0.161,0.162,0.166,0.165,0.171,0.161,0.168,0.16,0.162,0.166,0.163,0.162,0.162,0.16,0.17,0.161,0.169,0.175,0.168,0.168,0.167,0.164,0.16,0.159,0.168,0.155,0.159,0.16,0.16,0.162,0.162,0.166,0.162,0.16,0.163,0.162,0.163,0.16,0.156,0.169,0.158,0.162,0.172,0.171,0.173,0.161,0.161,0.163,0.18,0.161,0.167,0.172,0.167,0.185,0.175,0.187,0.172,0.193
clpP,OD600,2:45:06,37,0.157,0.154,0.169,0.16,0.174,0.155,0.17,0.17,0.177,0.163,0.174,0.177,0.162,0.162,0.163,0.162,0.167,0.166,0.172,0.161,0.168,0.158,0.162,0.166,0.163,0.162,0.163,0.162,0.17,0.162,0.169,0.176,0.168,0.169,0.168,0.163,0.16,0.16,0.17,0.156,0.16,0.16,0.161,0.162,0.163,0.166,0.163,0.16,0.163,0.163,0.163,0.16,0.157,0.17,0.158,0.162,0.172,0.171,0.173,0.162,0.162,0.164,0.181,0.162,0.167,0.174,0.169,0.183,0.175,0.187,0.172,0.196
clpP,OD600,3:00:06,37,0.158,0.154,0.17,0.162,0.173,0.156,0.173,0.17,0.178,0.165,0.177,0.177,0.163,0.163,0.163,0.163,0.168,0.166,0.173,0.162,0.168,0.159,0.162,0.166,0.164,0.164,0.164,0.162,0.171,0.163,0.17,0.177,0.169,0.169,0.168,0.164,0.161,0.161,0.169,0.157,0.161,0.161,0.162,0.163,0.163,0.166,0.163,0.16,0.164,0.164,0.164,0.161,0.158,0.171,0.159,0.163,0.173,0.172,0.173,0.162,0.163,0.165,0.181,0.162,0.168,0.174,0.169,0.187,0.176,0.188,0.172,0.197
clpP,OD600,3:15:06,37,0.16,0.156,0.172,0.163,0.175,0.157,0.172,0.171,0.18,0.165,0.174,0.177,0.163,0.163,0.163,0.163,0.168,0.167,0.173,0.162,0.169,0.158,0.162,0.166,0.165,0.164,0.165,0.163,0.172,0.164,0.171,0.178,0.17,0.169,0.169,0.163,0.162,0.161,0.17,0.158,0.161,0.161,0.162,0.164,0.164,0.167,0.163,0.161,0.165,0.164,0.165,0.162,0.158,0.171,0.16,0.164,0.173,0.172,0.174,0.162,0.164,0.165,0.182,0.163,0.169,0.175,0.17,0.188,0.177,0.189,0.173,0.197
clpP,OD600,3:30:06,37,0.161,0.157,0.174,0.164,0.177,0.159,0.178,0.173,0.183,0.165,0.178,0.178,0.163,0.164,0.164,0.163,0.168,0.167,0.173,0.163,0.169,0.16,0.162,0.166,0.166,0.166,0.166,0.164,0.173,0.164,0.172,0.178,0.171,0.17,0.169,0.165,0.162,0.162,0.171,0.158,0.162,0.163,0.164,0.165,0.165,0.167,0.164,0.161,0.166,0.166,0.166,0.163,0.16,0.172,0.161,0.165,0.175,0.173,0.174,0.163,0.165,0.166,0.183,0.164,0.17,0.176,0.171,0.188,0.178,0.19,0.173,0.196
clpP,OD600,3:45:06,37,0.163,0.16,0.175,0.166,0.18,0.16,0.18,0.175,0.184,0.166,0.177,0.179,0.164,0.164,0.164,0.164,0.169,0.168,0.173,0.163,0.169,0.159,0.162,0.166,0.167,0.167,0.168,0.166,0.175,0.166,0.174,0.179,0.172,0.17,0.17,0.165,0.164,0.164,0.172,0.159,0.163,0.163,0.165,0.166,0.166,0.168,0.164,0.161,0.167,0.167,0.167,0.164,0.161,0.173,0.162,0.167,0.175,0.173,0.175,0.164,0.166,0.169,0.184,0.165,0.171,0.178,0.172,0.19,0.18,0.189,0.174,0.197
clpP,OD600,4:00:06,37,0.166,0.162,0.178,0.168,0.181,0.163,0.182,0.178,0.186,0.166,0.177,0.179,0.165,0.165,0.165,0.165,0.169,0.169,0.174,0.164,0.17,0.159,0.163,0.166,0.169,0.168,0.169,0.168,0.176,0.168,0.175,0.181,0.174,0.171,0.171,0.165,0.166,0.165,0.173,0.161,0.165,0.165,0.166,0.167,0.167,0.169,0.165,0.162,0.169,0.169,0.169,0.166,0.162,0.175,0.164,0.168,0.177,0.174,0.176,0.164,0.169,0.17,0.186,0.168,0.172,0.179,0.174,0.192,0.181,0.191,0.175,0.198
clpP,OD600,4:15:06,37,0.168,0.165,0.181,0.17,0.183,0.165,0.181,0.18,0.189,0.167,0.178,0.18,0.166,0.166,0.166,0.166,0.171,0.169,0.174,0.165,0.171,0.159,0.163,0.166,0.171,0.17,0.171,0.17,0.178,0.17,0.177,0.183,0.176,0.172,0.171,0.166,0.167,0.167,0.176,0.163,0.167,0.167,0.168,0.169,0.168,0.169,0.166,0.162,0.17,0.17,0.171,0.167,0.164,0.177,0.166,0.169,0.179,0.174,0.176,0.165,0.17,0.173,0.188,0.17,0.174,0.181,0.176,0.193,0.183,0.191,0.174,0.199
clpP,OD600,4:30:06,37,0.172,0.168,0.185,0.174,0.189,0.169,0.186,0.183,0.192,0.169,0.181,0.181,0.166,0.167,0.167,0.167,0.171,0.17,0.176,0.165,0.172,0.159,0.163,0.166,0.173,0.173,0.174,0.172,0.18,0.172,0.179,0.186,0.178,0.172,0.171,0.167,0.169,0.169,0.177,0.165,0.169,0.169,0.17,0.171,0.17,0.17,0.167,0.162,0.172,0.172,0.173,0.169,0.166,0.179,0.168,0.172,0.181,0.175,0.177,0.166,0.173,0.174,0.19,0.172,0.177,0.183,0.178,0.196,0.185,0.188,0.175,0.199
clpP,OD600,4:45:06,37,0.176,0.173,0.189,0.178,0.192,0.173,0.191,0.187,0.196,0.169,0.183,0.182,0.168,0.169,0.168,0.168,0.172,0.172,0.177,0.167,0.173,0.16,0.163,0.167,0.176,0.176,0.177,0.175,0.183,0.175,0.182,0.189,0.181,0.172,0.172,0.169,0.172,0.172,0.18,0.167,0.171,0.172,0.173,0.174,0.172,0.171,0.167,0.163,0.175,0.175,0.175,0.172,0.168,0.181,0.17,0.174,0.183,0.176,0.178,0.167,0.175,0.177,0.193,0.174,0.179,0.185,0.181,0.199,0.188,0.19,0.176,0.198
clpP,OD600,5:00:06,37,0.183,0.179,0.194,0.183,0.197,0.178,0.193,0.193,0.2,0.17,0.182,0.184,0.169,0.172,0.17,0.169,0.174,0.173,0.178,0.169,0.175,0.16,0.163,0.166,0.179,0.18,0.18,0.178,0.186,0.178,0.185,0.191,0.184,0.173,0.173,0.17,0.175,0.174,0.183,0.171,0.174,0.174,0.176,0.176,0.174,0.171,0.167,0.163,0.178,0.178,0.178,0.175,0.171,0.183,0.173,0.177,0.186,0.177,0.179,0.168,0.179,0.18,0.196,0.177,0.183,0.189,0.185,0.202,0.192,0.193,0.176,0.197
clpP,OD600,5:15:06,37,0.184,0.196,0.206,0.191,0.201,0.186,0.199,0.197,0.205,0.172,0.185,0.186,0.171,0.172,0.172,0.171,0.176,0.174,0.18,0.17,0.177,0.16,0.164,0.167,0.184,0.184,0.185,0.182,0.19,0.182,0.19,0.196,0.188,0.174,0.174,0.171,0.179,0.178,0.187,0.174,0.177,0.178,0.179,0.18,0.177,0.172,0.169,0.164,0.182,0.182,0.182,0.178,0.175,0.187,0.176,0.18,0.189,0.178,0.18,0.169,0.184,0.185,0.2,0.181,0.187,0.192,0.188,0.205,0.196,0.193,0.177,0.201
clpP,OD600,5:30:06,37,0.196,0.206,0.211,0.199,0.214,0.189,0.206,0.205,0.212,0.175,0.186,0.187,0.173,0.174,0.174,0.173,0.179,0.177,0.182,0.172,0.179,0.16,0.164,0.168,0.189,0.189,0.191,0.188,0.195,0.186,0.194,0.2,0.192,0.176,0.175,0.172,0.184,0.183,0.192,0.178,0.181,0.181,0.183,0.183,0.18,0.173,0.17,0.164,0.187,0.187,0.186,0.182,0.178,0.191,0.18,0.184,0.194,0.18,0.182,0.171,0.19,0.193,0.205,0.187,0.191,0.198,0.193,0.208,0.2,0.196,0.178,0.202
clpP,OD600,5:45:06,37,0.211,0.214,0.224,0.205,0.219,0.192,0.212,0.208,0.217,0.177,0.188,0.189,0.175,0.176,0.176,0.175,0.18,0.179,0.184,0.174,0.181,0.16,0.164,0.168,0.195,0.2,0.201,0.194,0.204,0.197,0.203,0.206,0.196,0.177,0.176,0.172,0.19,0.189,0.198,0.184,0.186,0.186,0.187,0.188,0.183,0.174,0.171,0.165,0.193,0.193,0.193,0.188,0.183,0.195,0.184,0.189,0.198,0.181,0.183,0.173,0.203,0.21,0.214,0.193,0.196,0.201,0.198,0.213,0.205,0.194,0.179,0.201
clpP,OD600,6:00:06,37,0.238,0.225,0.237,0.217,0.233,0.199,0.216,0.213,0.223,0.18,0.193,0.191,0.179,0.18,0.179,0.178,0.183,0.182,0.187,0.178,0.185,0.161,0.164,0.168,0.218,0.2,0.212,0.204,0.209,0.196,0.204,0.21,0.204,0.178,0.177,0.174,0.192,0.196,0.201,0.186,0.187,0.187,0.19,0.191,0.188,0.175,0.172,0.165,0.204,0.207,0.203,0.2,0.189,0.198,0.187,0.192,0.201,0.183,0.184,0.174,0.205,0.216,0.222,0.197,0.2,0.204,0.2,0.215,0.209,0.196,0.181,0.204
clpP,OD600,6:15:06,37,0.235,0.224,0.242,0.226,0.231,0.202,0.221,0.216,0.225,0.183,0.192,0.194,0.182,0.183,0.183,0.182,0.188,0.185,0.19,0.181,0.188,0.161,0.165,0.168,0.224,0.222,0.219,0.211,0.215,0.204,0.21,0.213,0.207,0.179,0.18,0.176,0.208,0.215,0.22,0.201,0.2,0.197,0.198,0.196,0.193,0.177,0.173,0.167,0.214,0.211,0.211,0.2,0.193,0.203,0.191,0.197,0.204,0.185,0.187,0.176,0.221,0.217,0.224,0.204,0.204,0.209,0.204,0.223,0.215,0.198,0.182,0.204
clpP,OD600,6:30:06,37,0.241,0.229,0.245,0.227,0.239,0.206,0.228,0.223,0.231,0.186,0.198,0.198,0.186,0.187,0.187,0.186,0.191,0.19,0.195,0.185,0.192,0.161,0.165,0.169,0.207,0.229,0.226,0.216,0.221,0.207,0.216,0.221,0.212,0.181,0.18,0.177,0.205,0.224,0.225,0.208,0.206,0.204,0.204,0.203,0.2,0.178,0.175,0.167,0.222,0.225,0.218,0.21,0.2,0.21,0.2,0.204,0.212,0.188,0.19,0.179,0.225,0.228,0.23,0.21,0.212,0.213,0.212,0.228,0.22,0.197,0.184,0.207
clpP,OD600,6:45:06,37,0.253,0.237,0.254,0.233,0.247,0.212,0.228,0.224,0.233,0.19,0.2,0.202,0.192,0.193,0.193,0.192,0.196,0.194,0.199,0.189,0.197,0.161,0.165,0.169,0.231,0.237,0.227,0.222,0.23,0.217,0.221,0.224,0.218,0.182,0.182,0.178,0.214,0.229,0.232,0.216,0.214,0.209,0.21,0.208,0.203,0.18,0.175,0.169,0.228,0.231,0.227,0.219,0.205,0.218,0.205,0.208,0.217,0.19,0.191,0.181,0.238,0.231,0.236,0.219,0.218,0.226,0.219,0.234,0.225,0.2,0.185,0.206
clpP,OD600,7:00:06,37,0.257,0.245,0.254,0.235,0.245,0.213,0.233,0.23,0.237,0.195,0.204,0.205,0.193,0.195,0.203,0.206,0.201,0.204,0.207,0.195,0.203,0.162,0.166,0.169,0.238,0.241,0.235,0.223,0.227,0.215,0.223,0.228,0.22,0.184,0.184,0.181,0.217,0.237,0.233,0.217,0.215,0.212,0.212,0.211,0.207,0.182,0.178,0.17,0.239,0.236,0.227,0.221,0.209,0.222,0.211,0.215,0.223,0.192,0.195,0.184,0.238,0.238,0.241,0.226,0.226,0.229,0.224,0.236,0.228,0.203,0.187,0.21
clpP,OD600,7:15:06,37,0.273,0.257,0.259,0.24,0.256,0.217,0.237,0.233,0.241,0.2,0.21,0.21,0.204,0.205,0.212,0.209,0.211,0.206,0.21,0.199,0.209,0.162,0.166,0.17,0.259,0.248,0.24,0.225,0.231,0.218,0.226,0.233,0.226,0.186,0.186,0.182,0.241,0.241,0.238,0.221,0.218,0.216,0.217,0.214,0.216,0.183,0.18,0.171,0.24,0.241,0.234,0.228,0.212,0.223,0.211,0.215,0.224,0.196,0.198,0.188,0.252,0.252,0.251,0.226,0.229,0.233,0.227,0.238,0.233,0.203,0.188,0.209
clpP,OD600,7:30:06,37,0.279,0.256,0.27,0.251,0.254,0.223,0.239,0.236,0.246,0.207,0.22,0.216,0.217,0.222,0.224,0.217,0.219,0.211,0.217,0.206,0.217,0.162,0.167,0.171,0.254,0.252,0.243,0.231,0.236,0.223,0.23,0.235,0.227,0.188,0.189,0.185,0.244,0.244,0.245,0.227,0.223,0.222,0.22,0.216,0.219,0.186,0.181,0.173,0.258,0.25,0.237,0.23,0.219,0.227,0.214,0.217,0.227,0.199,0.201,0.191,0.246,0.256,0.249,0.227,0.227,0.233,0.226,0.243,0.235,0.206,0.191,0.213
clpP,OD600,7:45:06,37,0.284,0.261,0.273,0.252,0.256,0.224,0.243,0.236,0.243,0.209,0.221,0.221,0.242,0.236,0.232,0.222,0.223,0.217,0.222,0.211,0.222,0.163,0.167,0.171,0.263,0.251,0.246,0.234,0.238,0.224,0.231,0.236,0.231,0.191,0.191,0.187,0.248,0.249,0.246,0.228,0.225,0.224,0.223,0.219,0.222,0.188,0.183,0.173,0.263,0.254,0.243,0.234,0.22,0.229,0.219,0.221,0.228,0.204,0.205,0.195,0.25,0.252,0.251,0.236,0.231,0.236,0.23,0.246,0.236,0.21,0.193,0.215
clpP,OD600,8:00:06,37,0.287,0.263,0.273,0.258,0.258,0.227,0.243,0.24,0.249,0.213,0.225,0.226,0.238,0.241,0.235,0.229,0.227,0.219,0.224,0.215,0.227,0.164,0.168,0.172,0.248,0.258,0.249,0.237,0.242,0.228,0.238,0.242,0.234,0.193,0.193,0.19,0.258,0.254,0.249,0.229,0.229,0.228,0.228,0.226,0.225,0.19,0.186,0.175,0.26,0.253,0.24,0.231,0.222,0.232,0.221,0.226,0.231,0.208,0.209,0.199,0.259,0.26,0.259,0.24,0.235,0.245,0.234,0.25,0.241,0.213,0.195,0.22
clpP,OD600,8:15:06,37,0.288,0.27,0.28,0.26,0.273,0.23,0.247,0.243,0.253,0.216,0.232,0.229,0.251,0.25,0.244,0.234,0.231,0.226,0.229,0.217,0.228,0.164,0.168,0.172,0.26,0.264,0.249,0.239,0.245,0.23,0.239,0.242,0.236,0.196,0.196,0.193,0.266,0.259,0.255,0.233,0.231,0.229,0.229,0.226,0.227,0.192,0.189,0.177,0.263,0.249,0.242,0.232,0.226,0.235,0.223,0.227,0.234,0.212,0.213,0.203,0.272,0.265,0.267,0.245,0.239,0.247,0.238,0.252,0.242,0.211,0.198,0.222
clpP,OD600,8:30:06,37,0.296,0.272,0.282,0.27,0.274,0.232,0.251,0.245,0.255,0.219,0.234,0.233,0.262,0.246,0.247,0.238,0.234,0.23,0.236,0.221,0.233,0.164,0.169,0.173,0.261,0.272,0.258,0.247,0.251,0.234,0.245,0.249,0.243,0.199,0.199,0.197,0.273,0.263,0.257,0.236,0.236,0.234,0.235,0.232,0.232,0.195,0.192,0.178,0.254,0.262,0.243,0.238,0.229,0.239,0.227,0.232,0.237,0.215,0.218,0.209,0.271,0.27,0.27,0.246,0.243,0.246,0.244,0.257,0.247,0.219,0.201,0.22
clpP,OD600,8:45:06,37,0.3,0.278,0.284,0.266,0.275,0.235,0.254,0.248,0.257,0.22,0.238,0.235,0.267,0.259,0.253,0.24,0.238,0.234,0.238,0.225,0.237,0.165,0.17,0.173,0.285,0.268,0.266,0.249,0.256,0.233,0.247,0.251,0.243,0.202,0.202,0.199,0.269,0.265,0.265,0.244,0.241,0.235,0.238,0.234,0.233,0.198,0.194,0.18,0.269,0.256,0.251,0.239,0.231,0.24,0.229,0.234,0.242,0.219,0.222,0.214,0.261,0.281,0.268,0.253,0.248,0.253,0.249,0.259,0.25,0.22,0.204,0.225
clpP,OD600,9:00:06,37,0.306,0.283,0.292,0.267,0.281,0.238,0.256,0.252,0.263,0.223,0.236,0.238,0.271,0.258,0.259,0.245,0.242,0.236,0.242,0.228,0.239,0.166,0.171,0.174,0.286,0.282,0.27,0.25,0.251,0.235,0.249,0.25,0.244,0.205,0.206,0.203,0.283,0.279,0.261,0.241,0.242,0.234,0.235,0.233,0.236,0.201,0.198,0.182,0.273,0.262,0.251,0.242,0.233,0.243,0.231,0.237,0.242,0.223,0.226,0.216,0.271,0.279,0.277,0.252,0.254,0.255,0.249,0.262,0.252,0.225,0.207,0.233
clpP,OD600,9:15:06,37,0.284,0.272,0.29,0.279,0.293,0.238,0.26,0.257,0.265,0.225,0.241,0.242,0.279,0.261,0.254,0.246,0.246,0.243,0.25,0.23,0.24,0.167,0.171,0.174,0.274,0.295,0.271,0.252,0.253,0.238,0.248,0.251,0.243,0.209,0.209,0.206,0.26,0.289,0.269,0.243,0.244,0.235,0.237,0.233,0.238,0.205,0.201,0.184,0.269,0.261,0.263,0.255,0.245,0.254,0.236,0.245,0.246,0.227,0.229,0.22,0.271,0.278,0.274,0.259,0.253,0.257,0.252,0.263,0.25,0.227,0.211,0.23
clpP,OD600,9:30:06,37,0.309,0.291,0.304,0.285,0.29,0.242,0.26,0.259,0.269,0.229,0.246,0.245,0.274,0.268,0.261,0.25,0.251,0.244,0.248,0.235,0.247,0.168,0.173,0.176,0.28,0.282,0.262,0.255,0.257,0.239,0.251,0.255,0.249,0.212,0.213,0.21,0.274,0.272,0.264,0.248,0.245,0.24,0.242,0.237,0.242,0.208,0.205,0.187,0.29,0.277,0.257,0.251,0.242,0.249,0.236,0.241,0.247,0.232,0.232,0.225,0.294,0.286,0.28,0.259,0.253,0.257,0.253,0.263,0.254,0.231,0.215,0.236
clpP,OD600,9:45:06,37,0.294,0.286,0.306,0.285,0.302,0.246,0.266,0.263,0.273,0.232,0.249,0.247,0.283,0.273,0.267,0.256,0.25,0.244,0.253,0.236,0.248,0.169,0.173,0.176,0.297,0.283,0.273,0.256,0.259,0.241,0.258,0.256,0.251,0.219,0.218,0.215,0.278,0.277,0.263,0.25,0.247,0.241,0.243,0.237,0.242,0.212,0.208,0.19,0.275,0.282,0.26,0.25,0.241,0.252,0.239,0.241,0.244,0.233,0.235,0.228,0.286,0.289,0.279,0.258,0.252,0.253,0.252,0.267,0.256,0.238,0.22,0.24
clpP,OD600,10:00:06,37,0.302,0.287,0.299,0.292,0.296,0.248,0.266,0.267,0.276,0.237,0.251,0.253,0.292,0.273,0.271,0.253,0.255,0.246,0.244,0.24,0.247,0.169,0.174,0.177,0.287,0.279,0.27,0.256,0.255,0.245,0.253,0.254,0.249,0.221,0.223,0.22,0.275,0.282,0.271,0.247,0.247,0.245,0.247,0.236,0.242,0.216,0.212,0.193,0.279,0.277,0.268,0.246,0.242,0.248,0.241,0.245,0.248,0.237,0.237,0.231,0.287,0.287,0.275,0.254,0.253,0.265,0.256,0.266,0.258,0.238,0.223,0.244
clpP,OD600,10:15:06,37,0.294,0.287,0.303,0.298,0.308,0.253,0.269,0.27,0.279,0.237,0.253,0.256,0.293,0.278,0.271,0.252,0.26,0.252,0.255,0.243,0.252,0.171,0.176,0.178,0.282,0.278,0.27,0.262,0.259,0.258,0.262,0.255,0.25,0.222,0.225,0.224,0.276,0.278,0.268,0.249,0.251,0.239,0.251,0.239,0.246,0.217,0.215,0.195,0.281,0.278,0.275,0.257,0.248,0.256,0.244,0.248,0.252,0.239,0.239,0.234,0.29,0.282,0.282,0.269,0.252,0.263,0.26,0.265,0.257,0.24,0.225,0.248
clpP,OD600,10:30:06,37,0.3,0.286,0.305,0.298,0.305,0.257,0.273,0.272,0.284,0.24,0.256,0.257,0.307,0.279,0.28,0.255,0.261,0.251,0.246,0.238,0.25,0.172,0.177,0.18,0.289,0.299,0.287,0.257,0.265,0.245,0.26,0.257,0.248,0.223,0.227,0.227,0.278,0.282,0.272,0.251,0.253,0.242,0.249,0.245,0.249,0.221,0.218,0.198,0.278,0.281,0.27,0.261,0.25,0.258,0.243,0.249,0.25,0.242,0.243,0.239,0.297,0.288,0.289,0.267,0.261,0.268,0.267,0.27,0.262,0.244,0.227,0.25
clpP,OD600,10:45:06,37,0.316,0.301,0.309,0.3,0.329,0.259,0.278,0.277,0.289,0.244,0.256,0.26,0.308,0.283,0.279,0.256,0.264,0.259,0.261,0.248,0.258,0.173,0.179,0.181,0.3,0.275,0.284,0.264,0.266,0.259,0.267,0.27,0.262,0.229,0.231,0.23,0.28,0.262,0.277,0.257,0.255,0.251,0.252,0.247,0.251,0.225,0.222,0.202,0.287,0.286,0.275,0.258,0.246,0.259,0.245,0.247,0.255,0.246,0.246,0.242,0.304,0.291,0.286,0.269,0.265,0.267,0.262,0.275,0.266,0.246,0.232,0.256
clpP,OD600,11:00:06,37,0.308,0.295,0.318,0.303,0.318,0.264,0.28,0.281,0.292,0.245,0.261,0.264,0.303,0.285,0.278,0.259,0.265,0.26,0.262,0.248,0.258,0.174,0.179,0.182,0.295,0.306,0.277,0.272,0.27,0.258,0.27,0.267,0.265,0.232,0.237,0.236,0.283,0.295,0.279,0.261,0.257,0.254,0.255,0.249,0.256,0.228,0.226,0.205,0.296,0.285,0.271,0.262,0.249,0.261,0.249,0.253,0.259,0.249,0.25,0.245,0.306,0.306,0.292,0.273,0.264,0.277,0.262,0.279,0.267,0.248,0.236,0.266
clpP,OD600,11:15:06,37,0.315,0.311,0.32,0.307,0.329,0.268,0.284,0.283,0.295,0.247,0.26,0.266,0.31,0.289,0.277,0.261,0.268,0.255,0.264,0.245,0.259,0.175,0.18,0.183,0.309,0.288,0.275,0.27,0.271,0.26,0.271,0.268,0.261,0.232,0.237,0.238,0.302,0.301,0.283,0.259,0.255,0.251,0.254,0.251,0.257,0.229,0.229,0.208,0.287,0.285,0.286,0.267,0.254,0.257,0.247,0.255,0.259,0.252,0.252,0.248,0.298,0.29,0.29,0.279,0.265,0.275,0.268,0.281,0.272,0.251,0.24,0.271
clpP,OD600,11:30:06,37,0.314,0.304,0.317,0.318,0.33,0.268,0.285,0.286,0.296,0.249,0.262,0.267,0.312,0.292,0.277,0.272,0.271,0.256,0.257,0.252,0.265,0.177,0.182,0.185,0.314,0.31,0.291,0.282,0.272,0.258,0.271,0.263,0.263,0.235,0.24,0.24,0.306,0.285,0.289,0.257,0.256,0.256,0.255,0.253,0.259,0.234,0.233,0.212,0.298,0.296,0.274,0.271,0.259,0.266,0.254,0.261,0.261,0.253,0.255,0.248,0.309,0.287,0.296,0.278,0.271,0.28,0.274,0.28,0.27,0.258,0.244,0.27
clpP,OD600,11:45:06,37,0.302,0.31,0.322,0.327,0.336,0.273,0.289,0.288,0.297,0.252,0.264,0.271,0.306,0.292,0.292,0.27,0.267,0.257,0.267,0.252,0.267,0.178,0.183,0.186,0.309,0.309,0.28,0.29,0.276,0.259,0.273,0.268,0.263,0.239,0.242,0.239,0.301,0.294,0.277,0.263,0.265,0.256,0.257,0.252,0.259,0.237,0.233,0.215,0.292,0.304,0.286,0.277,0.263,0.266,0.253,0.261,0.263,0.253,0.257,0.253,0.313,0.297,0.295,0.27,0.266,0.285,0.275,0.282,0.271,0.262,0.245,0.275
clpP,OD600,12:00:06,37,0.323,0.309,0.331,0.327,0.345,0.275,0.292,0.291,0.307,0.254,0.268,0.275,0.311,0.296,0.29,0.27,0.273,0.259,0.272,0.257,0.268,0.179,0.185,0.188,0.31,0.307,0.285,0.275,0.274,0.258,0.277,0.271,0.265,0.24,0.244,0.242,0.306,0.287,0.283,0.268,0.26,0.256,0.262,0.255,0.262,0.238,0.237,0.222,0.299,0.304,0.281,0.28,0.262,0.27,0.256,0.26,0.266,0.26,0.26,0.255,0.322,0.302,0.302,0.279,0.271,0.282,0.275,0.282,0.272,0.263,0.248,0.272
clpP,OD600,12:15:06,37,0.319,0.308,0.33,0.338,0.352,0.274,0.29,0.292,0.308,0.256,0.274,0.274,0.308,0.307,0.297,0.275,0.279,0.266,0.269,0.254,0.265,0.181,0.187,0.189,0.324,0.317,0.311,0.28,0.286,0.269,0.278,0.271,0.269,0.241,0.246,0.245,0.315,0.301,0.297,0.265,0.272,0.269,0.265,0.259,0.263,0.243,0.239,0.226,0.319,0.304,0.29,0.268,0.259,0.279,0.263,0.267,0.269,0.259,0.26,0.256,0.311,0.321,0.306,0.291,0.279,0.284,0.278,0.286,0.272,0.269,0.252,0.274
clpP,OD600,12:30:06,37,0.318,0.32,0.333,0.343,0.349,0.278,0.291,0.294,0.308,0.258,0.277,0.278,0.309,0.302,0.295,0.275,0.277,0.261,0.275,0.253,0.265,0.183,0.189,0.191,0.319,0.322,0.314,0.288,0.285,0.265,0.279,0.273,0.27,0.247,0.248,0.249,0.316,0.292,0.293,0.287,0.273,0.266,0.267,0.26,0.264,0.243,0.241,0.229,0.316,0.304,0.283,0.287,0.268,0.271,0.259,0.267,0.266,0.261,0.263,0.259,0.319,0.312,0.306,0.286,0.282,0.285,0.277,0.287,0.275,0.27,0.254,0.278
clpP,OD600,12:45:06,37,0.326,0.306,0.33,0.34,0.348,0.279,0.293,0.297,0.311,0.26,0.281,0.281,0.323,0.309,0.309,0.269,0.277,0.273,0.271,0.257,0.272,0.185,0.191,0.193,0.306,0.318,0.31,0.289,0.283,0.266,0.283,0.275,0.273,0.248,0.252,0.251,0.316,0.303,0.292,0.273,0.278,0.267,0.272,0.265,0.267,0.243,0.243,0.232,0.31,0.312,0.286,0.281,0.266,0.278,0.267,0.27,0.275,0.264,0.264,0.258,0.322,0.317,0.297,0.283,0.28,0.291,0.287,0.288,0.28,0.272,0.256,0.279
clpP,OD600,13:00:06,37,0.331,0.319,0.336,0.347,0.356,0.286,0.301,0.298,0.316,0.261,0.283,0.283,0.317,0.303,0.305,0.282,0.282,0.271,0.274,0.255,0.269,0.187,0.193,0.195,0.335,0.326,0.313,0.295,0.293,0.276,0.285,0.285,0.278,0.25,0.257,0.253,0.324,0.29,0.295,0.288,0.278,0.269,0.273,0.264,0.27,0.247,0.247,0.235,0.323,0.313,0.295,0.29,0.275,0.283,0.269,0.27,0.267,0.267,0.269,0.261,0.319,0.317,0.303,0.303,0.289,0.294,0.283,0.293,0.283,0.271,0.26,0.276
clpP,OD600,13:15:06,37,0.34,0.331,0.333,0.351,0.365,0.286,0.301,0.301,0.318,0.264,0.285,0.284,0.331,0.319,0.301,0.278,0.281,0.274,0.279,0.259,0.276,0.189,0.195,0.197,0.329,0.328,0.309,0.292,0.289,0.275,0.291,0.282,0.274,0.254,0.258,0.257,0.325,0.305,0.308,0.28,0.277,0.274,0.272,0.266,0.272,0.249,0.249,0.238,0.305,0.302,0.296,0.285,0.272,0.282,0.267,0.271,0.276,0.267,0.272,0.264,0.326,0.319,0.318,0.302,0.285,0.298,0.284,0.292,0.283,0.275,0.262,0.282
clpP,OD600,13:30:06,37,0.339,0.328,0.345,0.359,0.376,0.295,0.309,0.307,0.324,0.268,0.286,0.285,0.306,0.315,0.312,0.285,0.287,0.275,0.285,0.261,0.272,0.192,0.197,0.2,0.328,0.328,0.315,0.289,0.29,0.277,0.292,0.282,0.278,0.257,0.261,0.26,0.321,0.305,0.301,0.285,0.276,0.278,0.28,0.271,0.275,0.25,0.25,0.24,0.311,0.32,0.304,0.281,0.275,0.287,0.273,0.275,0.276,0.268,0.272,0.266,0.327,0.308,0.3,0.3,0.289,0.295,0.292,0.296,0.286,0.278,0.263,0.281
clpP,OD600,13:45:06,37,0.339,0.327,0.344,0.36,0.373,0.297,0.312,0.31,0.326,0.269,0.285,0.29,0.344,0.329,0.306,0.29,0.292,0.278,0.284,0.263,0.274,0.194,0.2,0.203,0.344,0.332,0.316,0.3,0.295,0.28,0.297,0.286,0.281,0.259,0.265,0.264,0.307,0.306,0.297,0.287,0.287,0.281,0.279,0.274,0.275,0.253,0.253,0.245,0.325,0.314,0.306,0.284,0.265,0.288,0.273,0.277,0.279,0.27,0.273,0.269,0.325,0.327,0.306,0.302,0.292,0.302,0.293,0.297,0.288,0.28,0.265,0.288
clpP,OD600,14:00:06,37,0.34,0.337,0.346,0.368,0.389,0.304,0.318,0.314,0.33,0.272,0.289,0.292,0.3,0.317,0.315,0.294,0.295,0.278,0.282,0.262,0.279,0.197,0.203,0.204,0.344,0.328,0.318,0.303,0.298,0.285,0.298,0.288,0.282,0.259,0.267,0.265,0.336,0.308,0.326,0.288,0.285,0.286,0.282,0.273,0.279,0.256,0.255,0.246,0.321,0.322,0.302,0.295,0.282,0.29,0.277,0.277,0.276,0.274,0.275,0.272,0.331,0.322,0.324,0.306,0.294,0.298,0.295,0.298,0.288,0.282,0.265,0.286
clpP,OD600,14:15:06,37,0.338,0.336,0.351,0.366,0.386,0.306,0.321,0.319,0.329,0.275,0.291,0.292,0.32,0.318,0.312,0.29,0.292,0.278,0.286,0.262,0.281,0.2,0.206,0.207,0.326,0.343,0.318,0.299,0.3,0.281,0.3,0.29,0.284,0.268,0.272,0.265,0.332,0.323,0.318,0.291,0.285,0.281,0.285,0.272,0.282,0.256,0.259,0.248,0.332,0.314,0.296,0.296,0.279,0.287,0.277,0.28,0.287,0.279,0.279,0.272,0.328,0.325,0.312,0.303,0.297,0.298,0.293,0.301,0.292,0.285,0.269,0.283
clpP,OD600,14:30:06,37,0.349,0.335,0.354,0.375,0.395,0.309,0.325,0.321,0.332,0.276,0.29,0.296,0.326,0.321,0.32,0.297,0.3,0.279,0.285,0.268,0.283,0.203,0.209,0.211,0.337,0.329,0.329,0.312,0.307,0.29,0.306,0.293,0.285,0.265,0.272,0.268,0.337,0.33,0.337,0.304,0.292,0.282,0.287,0.277,0.283,0.259,0.261,0.253,0.337,0.309,0.316,0.303,0.282,0.295,0.28,0.282,0.283,0.279,0.281,0.275,0.342,0.331,0.319,0.306,0.293,0.308,0.293,0.297,0.295,0.284,0.271,0.293
clpP,OD600,14:45:06,37,0.333,0.332,0.357,0.39,0.406,0.312,0.328,0.323,0.336,0.279,0.294,0.299,0.317,0.321,0.317,0.299,0.295,0.281,0.292,0.269,0.285,0.207,0.213,0.214,0.351,0.339,0.33,0.307,0.311,0.286,0.305,0.294,0.29,0.268,0.276,0.271,0.336,0.326,0.322,0.299,0.293,0.284,0.288,0.279,0.287,0.261,0.265,0.256,0.328,0.33,0.327,0.302,0.285,0.29,0.284,0.284,0.289,0.283,0.286,0.277,0.341,0.322,0.32,0.301,0.301,0.304,0.301,0.302,0.297,0.289,0.275,0.291
clpP,OD600,15:00:06,37,0.357,0.342,0.364,0.393,0.405,0.315,0.334,0.325,0.344,0.277,0.294,0.3,0.3,0.325,0.319,0.307,0.301,0.285,0.289,0.272,0.284,0.211,0.217,0.217,0.352,0.348,0.335,0.307,0.314,0.291,0.309,0.295,0.288,0.272,0.275,0.274,0.326,0.332,0.335,0.301,0.297,0.287,0.292,0.28,0.29,0.267,0.264,0.259,0.346,0.322,0.33,0.304,0.284,0.293,0.282,0.284,0.289,0.282,0.285,0.279,0.339,0.339,0.324,0.297,0.304,0.309,0.292,0.302,0.295,0.287,0.276,0.294
clpP,OD600,15:15:06,37,0.345,0.354,0.356,0.389,0.414,0.32,0.338,0.332,0.346,0.28,0.297,0.301,0.333,0.327,0.325,0.301,0.302,0.283,0.293,0.272,0.289,0.215,0.222,0.221,0.351,0.349,0.335,0.313,0.317,0.287,0.309,0.294,0.288,0.269,0.281,0.274,0.351,0.338,0.339,0.307,0.298,0.288,0.293,0.281,0.291,0.266,0.27,0.262,0.344,0.334,0.33,0.305,0.279,0.295,0.281,0.286,0.29,0.284,0.289,0.279,0.344,0.332,0.328,0.303,0.301,0.31,0.304,0.306,0.3,0.288,0.277,0.297
clpP,OD600,15:30:06,37,0.337,0.358,0.362,0.398,0.419,0.327,0.344,0.333,0.351,0.281,0.302,0.304,0.33,0.327,0.327,0.302,0.31,0.287,0.298,0.277,0.291,0.22,0.226,0.225,0.369,0.336,0.334,0.305,0.321,0.291,0.313,0.301,0.291,0.278,0.282,0.277,0.344,0.355,0.338,0.307,0.296,0.289,0.294,0.284,0.29,0.268,0.27,0.263,0.339,0.327,0.329,0.305,0.292,0.292,0.283,0.284,0.291,0.287,0.291,0.284,0.346,0.338,0.331,0.319,0.294,0.312,0.299,0.307,0.303,0.296,0.282,0.298
clpP,OD600,15:45:06,37,0.346,0.347,0.356,0.411,0.415,0.33,0.349,0.339,0.353,0.287,0.305,0.306,0.334,0.331,0.327,0.307,0.312,0.292,0.3,0.28,0.294,0.222,0.229,0.227,0.352,0.343,0.334,0.32,0.314,0.288,0.314,0.305,0.292,0.277,0.285,0.281,0.339,0.338,0.335,0.322,0.305,0.286,0.303,0.281,0.293,0.272,0.27,0.267,0.35,0.318,0.309,0.32,0.287,0.29,0.285,0.288,0.29,0.29,0.293,0.283,0.349,0.323,0.339,0.321,0.296,0.323,0.308,0.309,0.305,0.296,0.282,0.3
clpP,OD600,16:00:06,37,0.332,0.346,0.359,0.413,0.422,0.336,0.357,0.342,0.359,0.287,0.304,0.309,0.327,0.329,0.33,0.309,0.316,0.299,0.3,0.279,0.293,0.224,0.231,0.23,0.353,0.357,0.34,0.314,0.323,0.291,0.316,0.304,0.291,0.276,0.288,0.281,0.35,0.349,0.343,0.32,0.296,0.287,0.298,0.283,0.296,0.275,0.274,0.267,0.354,0.334,0.322,0.31,0.294,0.301,0.285,0.287,0.293,0.291,0.292,0.289,0.345,0.336,0.338,0.316,0.306,0.314,0.3,0.311,0.31,0.294,0.284,0.297
clpP,OD600,16:15:06,37,0.361,0.364,0.37,0.423,0.431,0.336,0.362,0.343,0.36,0.291,0.311,0.309,0.342,0.327,0.34,0.305,0.317,0.294,0.303,0.281,0.295,0.226,0.237,0.234,0.361,0.337,0.342,0.313,0.319,0.295,0.315,0.308,0.292,0.285,0.289,0.283,0.352,0.346,0.34,0.31,0.306,0.292,0.299,0.286,0.295,0.277,0.279,0.272,0.368,0.332,0.335,0.32,0.295,0.303,0.285,0.29,0.293,0.292,0.294,0.29,0.354,0.33,0.32,0.305,0.309,0.314,0.309,0.314,0.31,0.299,0.285,0.299
clpP,OD600,16:30:06,37,0.368,0.363,0.381,0.427,0.443,0.344,0.366,0.348,0.364,0.29,0.308,0.311,0.32,0.321,0.346,0.317,0.315,0.295,0.307,0.285,0.296,0.23,0.24,0.239,0.346,0.346,0.349,0.321,0.323,0.298,0.316,0.312,0.293,0.282,0.293,0.287,0.34,0.326,0.324,0.324,0.313,0.3,0.298,0.288,0.3,0.281,0.279,0.273,0.349,0.349,0.312,0.317,0.285,0.299,0.289,0.291,0.298,0.296,0.295,0.291,0.351,0.332,0.351,0.32,0.307,0.319,0.308,0.317,0.311,0.303,0.288,0.302
clpP,OD600,16:45:06,37,0.36,0.372,0.391,0.437,0.452,0.346,0.37,0.351,0.368,0.292,0.311,0.313,0.333,0.322,0.341,0.318,0.322,0.298,0.311,0.29,0.299,0.235,0.245,0.244,0.355,0.353,0.346,0.32,0.325,0.299,0.321,0.308,0.299,0.291,0.293,0.288,0.369,0.325,0.339,0.318,0.311,0.295,0.305,0.291,0.3,0.28,0.282,0.277,0.357,0.332,0.322,0.318,0.295,0.296,0.292,0.291,0.301,0.294,0.298,0.296,0.358,0.361,0.337,0.317,0.314,0.328,0.312,0.314,0.311,0.306,0.292,0.308
clpP,OD600,17:00:06,37,0.372,0.374,0.384,0.435,0.462,0.353,0.375,0.359,0.372,0.296,0.312,0.315,0.327,0.346,0.35,0.317,0.317,0.297,0.31,0.284,0.295,0.238,0.248,0.247,0.349,0.346,0.341,0.328,0.323,0.3,0.318,0.309,0.299,0.286,0.298,0.287,0.339,0.345,0.337,0.324,0.313,0.301,0.304,0.29,0.301,0.285,0.288,0.279,0.348,0.349,0.325,0.315,0.308,0.312,0.297,0.293,0.305,0.295,0.303,0.296,0.339,0.356,0.348,0.33,0.32,0.318,0.312,0.32,0.316,0.307,0.295,0.31
clpP,OD600,17:15:06,37,0.357,0.376,0.389,0.44,0.452,0.356,0.374,0.365,0.379,0.295,0.316,0.316,0.32,0.345,0.344,0.317,0.324,0.297,0.303,0.286,0.297,0.24,0.251,0.248,0.364,0.33,0.351,0.325,0.327,0.304,0.316,0.311,0.301,0.288,0.297,0.291,0.369,0.346,0.345,0.323,0.317,0.313,0.305,0.289,0.303,0.285,0.285,0.278,0.357,0.35,0.338,0.324,0.307,0.307,0.295,0.298,0.301,0.296,0.304,0.299,0.361,0.324,0.344,0.335,0.328,0.324,0.309,0.316,0.318,0.308,0.295,0.31
clpP,OD600,17:30:06,37,0.363,0.39,0.402,0.452,0.457,0.361,0.384,0.366,0.379,0.3,0.319,0.318,0.355,0.349,0.346,0.324,0.323,0.302,0.311,0.293,0.305,0.244,0.254,0.252,0.355,0.351,0.36,0.33,0.326,0.307,0.323,0.311,0.307,0.29,0.299,0.291,0.368,0.348,0.347,0.32,0.318,0.303,0.302,0.294,0.303,0.285,0.289,0.284,0.356,0.348,0.327,0.307,0.313,0.305,0.291,0.299,0.307,0.298,0.307,0.301,0.352,0.349,0.348,0.319,0.317,0.323,0.31,0.32,0.321,0.309,0.297,0.311
clpP,OD600,17:45:06,37,0.405,0.379,0.403,0.453,0.457,0.37,0.386,0.369,0.384,0.3,0.318,0.323,0.356,0.341,0.353,0.323,0.328,0.303,0.306,0.291,0.305,0.246,0.256,0.253,0.363,0.359,0.365,0.33,0.33,0.303,0.327,0.313,0.307,0.293,0.299,0.293,0.372,0.367,0.351,0.325,0.325,0.31,0.299,0.295,0.305,0.289,0.287,0.283,0.353,0.354,0.337,0.309,0.312,0.315,0.298,0.297,0.311,0.301,0.309,0.305,0.358,0.352,0.349,0.351,0.32,0.319,0.32,0.326,0.324,0.308,0.299,0.312
clpP,OD600,18:00:06,37,0.384,0.395,0.412,0.464,0.461,0.371,0.389,0.369,0.386,0.299,0.321,0.321,0.356,0.331,0.344,0.323,0.327,0.306,0.309,0.293,0.307,0.249,0.26,0.257,0.363,0.356,0.35,0.336,0.333,0.31,0.331,0.319,0.309,0.293,0.299,0.291,0.384,0.365,0.357,0.325,0.326,0.3,0.306,0.299,0.307,0.289,0.289,0.286,0.367,0.336,0.332,0.317,0.317,0.308,0.295,0.298,0.306,0.306,0.308,0.307,0.372,0.348,0.341,0.337,0.326,0.324,0.316,0.32,0.325,0.314,0.302,0.319
clpP,OD600,18:15:06,37,0.386,0.392,0.432,0.461,0.471,0.376,0.396,0.378,0.393,0.303,0.323,0.324,0.359,0.35,0.349,0.33,0.335,0.306,0.31,0.288,0.315,0.252,0.261,0.259,0.368,0.363,0.368,0.336,0.337,0.314,0.337,0.322,0.31,0.293,0.304,0.294,0.375,0.353,0.363,0.322,0.333,0.304,0.308,0.3,0.312,0.294,0.294,0.288,0.361,0.328,0.334,0.325,0.32,0.313,0.295,0.301,0.308,0.305,0.311,0.306,0.375,0.363,0.356,0.344,0.315,0.325,0.317,0.324,0.324,0.31,0.305,0.318
clpP,OD600,18:30:06,37,0.4,0.404,0.428,0.477,0.467,0.377,0.399,0.388,0.396,0.306,0.322,0.328,0.361,0.349,0.358,0.33,0.338,0.313,0.317,0.298,0.313,0.253,0.265,0.261,0.388,0.356,0.365,0.338,0.34,0.314,0.336,0.325,0.318,0.294,0.307,0.295,0.379,0.362,0.365,0.329,0.336,0.311,0.31,0.304,0.312,0.296,0.294,0.292,0.384,0.335,0.344,0.323,0.325,0.313,0.304,0.302,0.31,0.307,0.314,0.31,0.375,0.367,0.355,0.339,0.328,0.329,0.324,0.33,0.325,0.313,0.307,0.32
clpP,OD600,18:45:06,37,0.415,0.38,0.435,0.472,0.476,0.381,0.402,0.393,0.402,0.305,0.326,0.328,0.366,0.359,0.359,0.318,0.342,0.321,0.322,0.293,0.317,0.255,0.268,0.264,0.385,0.373,0.356,0.336,0.345,0.32,0.338,0.331,0.319,0.296,0.311,0.297,0.391,0.355,0.356,0.338,0.338,0.314,0.314,0.302,0.318,0.295,0.294,0.292,0.373,0.351,0.344,0.322,0.318,0.324,0.305,0.304,0.309,0.309,0.314,0.311,0.37,0.372,0.363,0.338,0.325,0.329,0.323,0.333,0.329,0.314,0.309,0.326
clpP,OD600,19:00:06,37,0.392,0.391,0.445,0.481,0.484,0.386,0.4,0.399,0.41,0.308,0.326,0.33,0.357,0.364,0.363,0.329,0.349,0.321,0.324,0.296,0.316,0.259,0.268,0.264,0.372,0.377,0.369,0.339,0.347,0.323,0.336,0.327,0.316,0.3,0.31,0.3,0.381,0.369,0.372,0.336,0.333,0.312,0.319,0.302,0.316,0.298,0.295,0.294,0.374,0.358,0.362,0.322,0.331,0.322,0.309,0.312,0.31,0.31,0.314,0.315,0.371,0.369,0.356,0.344,0.334,0.332,0.324,0.336,0.336,0.319,0.31,0.324
clpP,OD600,19:15:06,37,0.411,0.404,0.443,0.493,0.489,0.382,0.399,0.403,0.413,0.31,0.323,0.33,0.364,0.37,0.374,0.335,0.352,0.326,0.328,0.297,0.319,0.261,0.275,0.269,0.368,0.383,0.368,0.352,0.35,0.326,0.343,0.328,0.324,0.301,0.306,0.303,0.387,0.364,0.372,0.34,0.341,0.323,0.321,0.305,0.32,0.299,0.296,0.298,0.376,0.356,0.362,0.331,0.325,0.326,0.312,0.313,0.317,0.309,0.316,0.314,0.374,0.359,0.367,0.346,0.339,0.336,0.325,0.339,0.331,0.319,0.313,0.328
clpP,OD600,19:30:06,37,0.408,0.416,0.455,0.495,0.504,0.391,0.397,0.407,0.419,0.312,0.333,0.337,0.382,0.358,0.365,0.331,0.341,0.325,0.332,0.299,0.324,0.265,0.275,0.271,0.353,0.385,0.373,0.35,0.352,0.335,0.343,0.329,0.329,0.303,0.306,0.303,0.391,0.361,0.348,0.342,0.343,0.325,0.329,0.307,0.319,0.301,0.299,0.301,0.381,0.356,0.36,0.329,0.317,0.335,0.312,0.316,0.322,0.31,0.317,0.314,0.372,0.37,0.356,0.354,0.331,0.336,0.328,0.345,0.336,0.318,0.314,0.326
clpP,OD600,19:45:06,37,0.409,0.42,0.45,0.5,0.503,0.395,0.407,0.411,0.429,0.316,0.334,0.337,0.378,0.375,0.375,0.336,0.344,0.327,0.339,0.302,0.325,0.267,0.275,0.272,0.376,0.382,0.367,0.356,0.356,0.331,0.35,0.334,0.336,0.303,0.307,0.306,0.397,0.373,0.352,0.343,0.34,0.334,0.332,0.308,0.321,0.302,0.301,0.301,0.373,0.361,0.363,0.338,0.325,0.336,0.317,0.322,0.321,0.313,0.32,0.322,0.368,0.374,0.355,0.352,0.336,0.335,0.326,0.351,0.333,0.319,0.317,0.332
clpP,OD600,20:00:06,37,0.423,0.413,0.455,0.512,0.51,0.395,0.411,0.416,0.427,0.315,0.333,0.34,0.366,0.379,0.374,0.334,0.344,0.332,0.341,0.303,0.328,0.271,0.278,0.276,0.346,0.392,0.371,0.354,0.362,0.334,0.349,0.334,0.34,0.304,0.31,0.309,0.397,0.356,0.359,0.344,0.339,0.334,0.337,0.311,0.324,0.305,0.303,0.303,0.383,0.366,0.364,0.342,0.319,0.34,0.309,0.323,0.331,0.317,0.32,0.324,0.375,0.371,0.372,0.357,0.337,0.337,0.334,0.351,0.333,0.325,0.321,0.334
clpP,OD600,20:15:06,37,0.432,0.426,0.46,0.516,0.508,0.402,0.411,0.417,0.433,0.319,0.337,0.344,0.364,0.364,0.371,0.332,0.346,0.334,0.342,0.312,0.336,0.275,0.28,0.277,0.385,0.395,0.381,0.339,0.358,0.342,0.355,0.338,0.342,0.307,0.313,0.311,0.399,0.375,0.365,0.346,0.346,0.333,0.341,0.316,0.324,0.307,0.305,0.305,0.388,0.357,0.379,0.345,0.317,0.336,0.311,0.335,0.337,0.321,0.325,0.321,0.385,0.381,0.357,0.358,0.345,0.341,0.343,0.357,0.339,0.325,0.322,0.334
clpP,OD600,20:30:06,37,0.445,0.431,0.451,0.521,0.526,0.407,0.432,0.424,0.435,0.324,0.344,0.344,0.388,0.369,0.378,0.334,0.347,0.336,0.347,0.319,0.336,0.278,0.282,0.278,0.378,0.393,0.377,0.353,0.365,0.345,0.358,0.341,0.35,0.305,0.314,0.312,0.402,0.386,0.363,0.344,0.342,0.339,0.344,0.32,0.326,0.309,0.308,0.307,0.394,0.367,0.379,0.348,0.321,0.337,0.312,0.337,0.34,0.324,0.324,0.327,0.378,0.388,0.362,0.351,0.345,0.341,0.344,0.356,0.344,0.327,0.32,0.331
clpP,OD600,20:45:06,37,0.433,0.415,0.466,0.537,0.514,0.399,0.419,0.42,0.433,0.323,0.344,0.349,0.37,0.359,0.373,0.332,0.354,0.339,0.346,0.324,0.339,0.28,0.285,0.278,0.367,0.385,0.373,0.357,0.361,0.349,0.357,0.337,0.352,0.309,0.318,0.312,0.402,0.388,0.373,0.343,0.333,0.335,0.347,0.322,0.327,0.31,0.308,0.309,0.376,0.36,0.381,0.34,0.323,0.336,0.317,0.337,0.347,0.324,0.328,0.326,0.391,0.386,0.366,0.354,0.346,0.341,0.338,0.355,0.338,0.328,0.323,0.334
clpP,OD600,21:00:06,37,0.406,0.428,0.464,0.54,0.523,0.4,0.416,0.422,0.433,0.321,0.348,0.342,0.394,0.37,0.379,0.339,0.356,0.337,0.345,0.329,0.347,0.283,0.287,0.281,0.371,0.389,0.375,0.353,0.355,0.348,0.359,0.336,0.357,0.308,0.32,0.315,0.406,0.377,0.36,0.327,0.343,0.337,0.348,0.333,0.331,0.31,0.309,0.311,0.38,0.375,0.382,0.346,0.314,0.332,0.32,0.34,0.344,0.327,0.328,0.326,0.366,0.358,0.36,0.362,0.35,0.34,0.348,0.358,0.351,0.327,0.327,0.338
clpP,OD600,21:15:06,37,0.43,0.423,0.47,0.55,0.523,0.407,0.426,0.425,0.438,0.326,0.352,0.342,0.388,0.373,0.388,0.342,0.354,0.342,0.348,0.331,0.347,0.283,0.288,0.284,0.371,0.396,0.375,0.347,0.368,0.347,0.359,0.333,0.354,0.313,0.319,0.317,0.42,0.377,0.369,0.345,0.341,0.341,0.348,0.342,0.33,0.311,0.312,0.31,0.368,0.376,0.38,0.353,0.328,0.348,0.328,0.337,0.349,0.329,0.329,0.328,0.383,0.388,0.387,0.362,0.35,0.356,0.353,0.354,0.357,0.323,0.329,0.338
clpP,OD600,21:30:06,37,0.44,0.436,0.469,0.558,0.524,0.413,0.433,0.422,0.436,0.328,0.355,0.343,0.359,0.37,0.378,0.344,0.356,0.342,0.345,0.332,0.348,0.287,0.287,0.287,0.393,0.386,0.385,0.35,0.363,0.352,0.362,0.332,0.357,0.311,0.318,0.32,0.392,0.38,0.374,0.341,0.343,0.337,0.35,0.35,0.331,0.315,0.313,0.311,0.391,0.395,0.378,0.358,0.328,0.347,0.327,0.338,0.352,0.331,0.33,0.333,0.39,0.391,0.396,0.353,0.352,0.358,0.352,0.36,0.358,0.33,0.331,0.336
clpP,OD600,21:45:06,37,0.457,0.457,0.483,0.57,0.544,0.419,0.437,0.428,0.441,0.335,0.355,0.348,0.385,0.373,0.386,0.355,0.361,0.348,0.347,0.34,0.354,0.292,0.289,0.29,0.39,0.373,0.376,0.361,0.369,0.353,0.366,0.341,0.355,0.311,0.321,0.322,0.425,0.389,0.388,0.352,0.349,0.343,0.356,0.35,0.334,0.315,0.314,0.313,0.406,0.399,0.378,0.352,0.332,0.345,0.332,0.34,0.348,0.334,0.335,0.331,0.4,0.372,0.378,0.362,0.353,0.359,0.352,0.36,0.361,0.332,0.334,0.343
clpP,OD600,22:00:06,37,0.46,0.45,0.498,0.589,0.551,0.415,0.454,0.427,0.444,0.334,0.358,0.351,0.381,0.38,0.378,0.344,0.356,0.347,0.347,0.34,0.352,0.291,0.287,0.29,0.392,0.399,0.381,0.349,0.366,0.352,0.364,0.338,0.353,0.315,0.323,0.321,0.409,0.384,0.393,0.35,0.346,0.331,0.35,0.349,0.337,0.315,0.314,0.313,0.389,0.38,0.38,0.358,0.331,0.347,0.332,0.341,0.353,0.335,0.338,0.334,0.385,0.392,0.38,0.372,0.355,0.352,0.354,0.364,0.365,0.33,0.333,0.342
clpP,OD600,22:15:06,37,0.45,0.46,0.49,0.585,0.552,0.419,0.462,0.438,0.448,0.342,0.359,0.354,0.386,0.372,0.387,0.357,0.358,0.341,0.352,0.342,0.357,0.293,0.289,0.293,0.39,0.385,0.387,0.366,0.368,0.354,0.368,0.342,0.352,0.315,0.325,0.322,0.406,0.383,0.383,0.357,0.351,0.347,0.355,0.353,0.344,0.318,0.317,0.315,0.403,0.389,0.37,0.362,0.334,0.348,0.334,0.34,0.358,0.336,0.343,0.339,0.392,0.392,0.373,0.366,0.358,0.359,0.358,0.364,0.365,0.333,0.336,0.345
clpP,OD600,22:30:06,37,0.432,0.461,0.489,0.593,0.553,0.424,0.459,0.449,0.458,0.343,0.358,0.356,0.378,0.374,0.379,0.355,0.362,0.338,0.351,0.342,0.359,0.293,0.29,0.294,0.37,0.408,0.354,0.362,0.369,0.347,0.371,0.344,0.35,0.317,0.322,0.324,0.387,0.376,0.374,0.349,0.349,0.344,0.352,0.353,0.348,0.32,0.316,0.315,0.392,0.373,0.388,0.362,0.345,0.35,0.338,0.349,0.356,0.333,0.342,0.339,0.383,0.396,0.392,0.358,0.356,0.364,0.36,0.363,0.364,0.334,0.339,0.345
clpP,OD600,22:45:06,37,0.459,0.459,0.493,0.592,0.569,0.434,0.471,0.45,0.45,0.345,0.362,0.353,0.344,0.37,0.382,0.361,0.368,0.338,0.355,0.342,0.357,0.296,0.291,0.295,0.376,0.39,0.395,0.362,0.366,0.348,0.369,0.354,0.358,0.319,0.323,0.325,0.412,0.393,0.383,0.345,0.347,0.353,0.348,0.35,0.357,0.322,0.32,0.316,0.391,0.393,0.374,0.364,0.343,0.349,0.339,0.344,0.357,0.335,0.348,0.342,0.39,0.39,0.391,0.364,0.365,0.362,0.359,0.365,0.367,0.337,0.339,0.348
clpP,OD600,23:00:06,37,0.477,0.461,0.506,0.603,0.563,0.442,0.466,0.462,0.458,0.347,0.364,0.36,0.387,0.382,0.391,0.352,0.363,0.342,0.359,0.348,0.359,0.297,0.294,0.298,0.406,0.404,0.395,0.373,0.372,0.349,0.373,0.357,0.356,0.323,0.328,0.326,0.43,0.394,0.391,0.36,0.352,0.351,0.357,0.355,0.357,0.322,0.321,0.32,0.394,0.381,0.378,0.366,0.348,0.354,0.342,0.347,0.357,0.338,0.35,0.344,0.392,0.396,0.407,0.377,0.366,0.363,0.362,0.363,0.371,0.34,0.34,0.351
clpP,CFP,0:00:24,37,3,4,6,3,6,4,3,3,3,3,0,2,3,2,2,2,3,3,3,2,3,2,2,3,3,2,3,3,2,3,3,2,3,3,2,2,3,3,3,3,2,2,4,2,3,3,2,2,3,2,3,2,3,3,3,3,2,3,3,3,3,2,4,3,3,1,3,2,3,1,2,2
clpP,CFP,0:15:24,37,2,1,3,1,0,4,2,3,3,2,4,2,2,2,2,1,3,2,3,3,3,3,2,3,3,2,2,2,4,3,4,3,3,2,2,2,3,2,2,2,2,2,3,3,3,3,3,2,2,2,3,2,3,4,3,3,3,2,3,2,3,3,1,4,3,2,3,3,2,3,2,3
clpP,CFP,0:30:24,37,2,2,2,3,4,3,2,2,2,3,3,2,2,3,3,4,2,3,2,3,3,3,2,2,2,3,3,3,3,2,3,2,3,3,2,3,2,3,2,3,1,3,2,2,2,3,3,2,2,2,3,3,3,2,2,3,3,2,2,2,2,2,2,3,3,3,3,3,2,2,3,2
clpP,CFP,0:45:24,37,3,2,4,3,2,1,2,3,1,2,4,2,2,3,2,2,3,2,2,2,4,3,2,2,3,2,3,3,3,2,3,3,2,3,2,2,2,2,2,3,2,2,3,1,2,3,2,2,3,2,3,3,2,3,3,2,2,3,2,2,3,3,3,3,2,2,3,2,2,4,2,2
clpP,CFP,1:00:24,37,3,2,3,1,3,3,2,1,2,3,3,2,2,3,3,3,4,2,2,3,2,3,2,3,3,2,3,3,3,3,3,3,2,3,2,2,2,3,2,3,2,3,2,3,2,3,3,3,3,3,3,3,3,2,3,2,3,2,3,2,1,3,2,3,2,2,3,2,3,3,2,2
clpP,CFP,1:15:24,37,2,2,5,3,3,2,2,3,1,3,2,2,3,3,1,3,4,3,4,3,3,2,3,3,3,2,3,3,3,2,2,2,4,3,3,4,3,3,3,2,3,3,1,2,2,2,2,2,3,2,3,2,2,3,3,2,2,3,3,3,2,3,3,3,4,3,3,4,3,3,3,3
clpP,CFP,1:30:24,37,2,4,3,2,4,3,2,2,3,2,3,2,3,4,4,2,2,3,3,3,3,3,3,3,4,3,3,3,3,3,2,3,3,4,3,3,3,3,3,2,3,2,2,2,2,3,2,3,3,3,2,3,3,3,4,2,3,3,3,2,3,3,3,3,3,3,3,3,3,2,2,3
clpP,CFP,1:45:24,37,2,0,2,2,4,2,3,2,3,2,2,2,3,4,4,3,2,3,2,3,3,3,2,2,3,2,3,3,3,3,4,3,3,3,3,3,3,2,3,2,2,2,3,2,3,3,2,3,3,3,3,3,3,2,3,3,3,3,3,4,2,3,3,3,3,3,2,2,2,3,3,3
clpP,CFP,2:00:24,37,2,3,2,4,3,2,4,3,3,3,1,3,3,2,3,3,4,3,2,3,3,3,3,2,3,3,3,3,3,2,3,3,2,4,3,3,3,3,3,3,2,3,3,3,2,4,3,3,2,2,3,1,3,2,2,3,3,4,3,3,3,2,3,2,3,3,3,2,3,4,3,4
clpP,CFP,2:15:24,37,3,3,1,3,3,3,2,3,3,2,2,3,3,3,4,2,2,3,3,3,2,3,3,3,2,3,2,4,3,3,3,3,3,3,4,3,4,3,2,3,3,3,2,3,2,4,3,2,3,3,3,2,3,3,3,3,3,3,4,4,4,4,3,3,3,4,2,3,2,3,3,3
clpP,CFP,2:30:24,37,2,3,3,3,1,3,3,2,3,3,3,2,2,3,2,4,3,3,2,4,3,3,3,3,4,4,3,3,3,4,2,4,3,4,3,4,3,2,3,3,2,3,3,3,3,4,4,3,3,2,2,3,3,3,3,2,3,4,5,4,2,3,3,3,3,4,3,2,3,3,3,4
clpP,CFP,2:45:24,37,3,3,4,0,3,2,3,3,3,3,2,3,3,2,2,3,4,3,4,3,3,3,3,3,3,2,3,4,3,3,3,3,3,4,3,4,4,3,3,3,3,4,4,2,3,4,4,3,2,3,4,3,2,3,3,3,3,4,4,4,3,4,4,4,3,3,3,3,3,4,4,4
clpP,CFP,3:00:24,37,3,3,4,2,1,3,2,3,2,3,3,3,3,3,3,2,2,3,3,3,3,3,3,4,4,4,4,3,3,3,4,4,3,4,5,5,4,4,3,3,3,4,3,3,3,4,5,4,3,3,3,3,3,3,4,3,4,4,5,4,2,4,3,3,3,4,3,3,3,4,4,5
clpP,CFP,3:15:24,37,1,3,2,2,5,3,3,3,3,4,3,4,3,3,3,4,3,3,2,3,3,3,3,4,4,3,3,3,4,3,3,4,4,6,5,5,2,3,4,3,3,3,4,4,3,5,5,4,4,3,3,4,3,3,4,3,3,5,4,4,5,3,3,2,3,5,3,4,4,5,5,5
clpP,CFP,3:30:24,37,2,3,2,0,4,3,1,2,2,4,2,3,3,4,3,2,3,4,2,3,3,4,4,4,3,4,5,5,4,4,4,3,3,6,6,5,3,3,3,4,4,3,3,3,3,5,6,4,3,3,3,3,4,3,4,4,3,5,6,5,4,3,4,3,4,4,3,5,4,6,6,6
clpP,CFP,3:45:24,37,3,1,4,2,3,3,1,3,3,4,4,4,2,3,3,2,3,3,3,3,4,4,4,4,4,4,5,5,4,4,4,4,4,6,6,7,4,4,3,3,4,4,4,4,3,6,5,4,4,4,3,3,4,3,4,3,3,6,6,5,4,5,3,4,4,4,4,3,4,6,6,6
clpP,CFP,4:00:24,37,2,3,3,2,2,3,2,3,3,4,2,4,3,3,3,3,3,4,3,4,3,4,4,4,5,4,4,4,5,4,5,4,5,7,6,7,4,4,4,4,4,4,4,4,3,7,6,5,4,4,3,4,4,4,4,4,4,6,7,6,3,4,4,5,4,5,5,4,4,7,7,6
clpP,CFP,4:15:24,37,3,2,1,3,3,3,4,2,3,4,5,4,3,4,4,4,4,4,3,3,4,4,4,4,5,5,4,5,5,4,5,4,4,7,7,8,4,4,4,5,4,5,4,4,4,7,7,5,5,4,4,5,4,3,4,4,4,6,7,7,4,5,5,5,5,5,4,4,4,7,7,7
clpP,CFP,4:30:24,37,2,3,2,3,3,3,3,3,3,5,5,4,4,3,3,3,3,3,4,4,4,5,5,4,5,4,5,5,5,5,5,5,5,8,8,9,5,4,4,4,5,4,4,4,4,8,7,7,5,5,5,4,5,5,5,5,4,8,8,8,5,6,4,6,5,5,5,5,5,8,8,8
clpP,CFP,4:45:24,37,3,2,2,2,3,4,2,3,2,5,6,5,3,4,3,4,4,4,3,3,4,5,5,5,5,6,5,5,5,6,6,6,6,9,9,10,5,5,5,5,4,5,5,4,4,9,9,6,4,5,4,5,5,5,5,5,5,9,9,8,5,5,5,5,6,6,5,5,6,10,9,9
clpP,CFP,5:00:24,37,3,2,2,2,2,4,4,3,2,6,6,5,5,4,4,4,5,3,4,4,3,5,5,5,6,6,6,6,6,6,7,7,6,11,10,11,6,5,5,6,5,5,6,6,5,9,9,6,6,6,6,5,5,6,6,6,6,9,9,10,5,5,5,6,6,6,6,6,7,11,10,10
clpP,CFP,5:15:24,37,3,3,4,2,1,3,3,3,2,6,6,6,4,4,4,5,4,5,4,4,4,5,5,5,7,7,6,7,7,7,6,7,6,12,12,12,6,6,6,6,7,6,6,6,4,10,10,7,6,6,5,5,6,6,7,5,6,11,10,10,7,7,6,7,7,6,7,7,7,11,11,11
clpP,CFP,5:30:24,37,3,3,3,3,3,4,3,3,3,7,7,6,5,5,5,4,5,4,5,5,5,5,6,6,7,7,7,8,8,8,7,7,7,14,12,13,7,6,7,6,7,7,7,7,5,11,12,9,6,6,6,7,7,7,7,7,6,12,10,12,7,8,8,7,7,7,7,8,8,12,12,12
clpP,CFP,5:45:24,37,2,3,4,3,4,4,4,3,2,8,7,8,5,5,5,4,5,5,5,5,6,7,6,6,7,9,8,8,9,8,9,9,9,14,13,15,8,7,6,8,8,8,7,7,6,13,12,9,7,7,7,7,7,7,8,8,8,12,13,13,8,10,8,8,8,8,8,8,8,13,13,13
clpP,CFP,6:00:24,37,4,3,5,3,3,3,2,3,3,9,10,7,6,5,5,5,5,5,6,5,6,7,6,7,9,9,9,10,9,9,10,10,10,15,15,16,8,7,8,9,8,9,9,8,8,14,13,10,8,8,8,8,8,8,8,8,8,14,14,14,9,8,9,10,9,9,10,10,10,15,15,14
clpP,CFP,6:15:24,37,4,3,2,3,3,3,3,3,3,10,9,9,5,7,5,5,5,7,5,7,6,7,7,7,10,12,10,11,11,10,12,11,11,18,17,17,9,9,9,9,9,10,9,9,8,15,15,10,9,9,9,9,10,9,10,9,10,15,15,16,10,10,10,9,11,11,11,10,11,16,17,16
clpP,CFP,6:30:24,37,3,4,4,2,5,4,3,3,3,11,11,10,7,7,6,6,7,7,6,7,8,8,7,8,12,12,12,12,11,11,12,11,12,19,19,20,10,12,10,11,11,10,11,11,8,17,17,11,11,10,10,10,10,11,12,11,11,18,18,18,11,12,10,12,12,12,13,13,13,17,18,18
clpP,CFP,6:45:24,37,4,4,3,2,3,3,4,3,3,13,11,11,7,7,7,8,8,7,7,8,8,9,9,8,13,13,12,13,13,13,13,14,13,21,21,22,11,11,11,12,12,11,13,12,10,19,18,12,11,11,12,11,12,12,13,13,12,19,20,20,12,13,11,14,14,13,14,14,14,20,19,20
clpP,CFP,7:00:24,37,3,4,4,3,5,4,2,2,2,15,14,13,9,9,8,8,7,8,8,8,9,9,9,9,15,14,14,14,14,13,15,15,15,23,23,24,12,12,13,13,14,12,15,14,11,21,19,14,12,12,12,13,12,13,13,13,13,21,22,22,13,13,13,14,15,14,14,14,15,22,22,21
clpP,CFP,7:15:24,37,4,4,2,3,4,3,3,3,3,16,15,14,10,9,9,9,9,10,9,9,11,9,10,9,15,15,15,15,14,15,16,16,16,25,25,26,13,14,13,14,14,14,15,14,13,22,22,14,12,13,13,13,14,14,16,14,14,25,24,24,14,14,15,15,15,15,16,16,15,23,24,23
clpP,CFP,7:30:24,37,3,4,4,2,4,5,4,4,4,17,18,16,10,11,11,11,11,11,11,10,12,10,11,11,16,16,16,16,15,17,17,17,17,28,27,29,14,14,14,14,16,15,16,15,14,24,24,16,14,14,14,15,14,15,15,15,15,27,27,27,15,17,15,17,16,16,18,16,17,25,27,25
clpP,CFP,7:45:24,37,4,4,2,4,4,4,3,3,3,20,18,17,12,12,12,12,12,12,12,13,13,10,11,11,17,16,16,17,17,16,18,18,18,30,29,32,15,15,15,16,16,16,17,16,15,27,27,17,15,15,15,15,15,16,16,16,16,30,30,30,16,17,16,18,18,18,18,18,18,28,28,27
clpP,CFP,8:00:24,37,4,3,4,4,4,3,4,3,3,21,20,19,13,13,12,13,13,13,13,14,14,12,12,12,18,17,18,18,18,18,19,20,19,33,33,35,17,16,16,16,17,17,18,18,16,30,30,20,16,16,16,16,16,17,17,18,17,34,33,33,17,17,18,19,18,20,20,19,19,31,31,31
clpP,CFP,8:15:24,37,3,2,3,3,4,3,4,3,4,23,22,21,15,14,14,14,14,14,14,15,16,13,12,13,19,17,18,18,19,19,19,20,20,37,36,39,18,16,17,18,18,18,18,19,19,33,31,21,17,17,17,17,17,18,19,19,19,37,37,37,19,20,19,20,19,21,21,20,21,34,35,34
clpP,CFP,8:30:24,37,3,3,4,4,4,4,4,4,4,24,24,22,15,15,16,15,14,14,14,16,17,14,14,13,20,19,19,19,20,19,23,21,22,40,39,43,17,18,18,18,19,20,19,19,19,36,35,23,17,16,17,18,18,18,19,20,19,40,41,41,19,19,19,21,21,22,22,22,21,38,38,37
clpP,CFP,8:45:24,37,4,4,3,2,5,3,3,3,3,27,25,24,17,16,17,16,15,16,17,18,18,14,14,14,20,21,21,21,21,21,23,22,24,44,43,46,18,20,19,19,20,19,21,21,21,38,39,25,18,17,18,19,19,19,20,21,20,44,44,45,20,20,20,22,22,23,24,22,24,41,41,41
clpP,CFP,9:00:24,37,3,3,2,3,4,4,4,3,4,28,27,26,18,16,16,18,18,18,19,19,18,15,16,16,22,22,22,23,22,23,24,23,24,48,47,51,19,19,20,21,21,21,23,23,22,42,42,27,19,18,19,20,20,20,22,21,21,47,47,49,21,22,21,23,23,24,25,24,24,45,45,44
clpP,CFP,9:15:24,37,4,4,3,3,4,5,5,4,4,30,30,27,19,17,18,18,19,18,19,19,20,16,17,17,23,22,22,23,23,23,25,24,25,52,52,56,21,20,20,21,22,22,24,23,23,46,45,29,20,18,20,21,20,21,22,23,23,52,52,53,22,22,21,23,23,24,25,25,25,49,49,49
clpP,CFP,9:30:24,37,4,3,4,4,4,4,3,5,4,31,29,29,21,19,20,19,20,20,20,20,21,18,18,18,23,22,22,24,23,23,26,24,26,56,56,61,22,20,21,22,22,22,25,24,25,51,50,32,21,21,20,22,21,22,23,24,24,54,55,57,24,25,24,25,25,25,26,25,26,54,55,52
clpP,CFP,9:45:24,37,4,3,4,3,4,3,5,5,4,32,31,31,21,20,20,20,21,20,22,23,23,20,19,19,24,24,24,24,24,25,26,26,27,62,60,65,22,22,21,24,24,23,26,25,25,55,54,35,21,21,22,23,23,23,24,24,24,59,58,61,24,24,24,26,26,27,27,27,27,58,58,57
clpP,CFP,10:00:24,37,4,4,5,3,6,5,5,4,3,34,31,32,22,21,21,20,21,22,24,23,24,21,21,21,24,23,24,25,25,25,28,27,27,65,65,71,23,23,21,23,24,24,26,26,25,59,58,38,22,21,22,22,23,24,25,25,25,61,61,64,24,24,25,27,25,27,28,28,28,61,62,63
clpP,CFP,10:15:24,37,4,4,3,5,5,5,3,3,4,36,33,33,23,23,22,23,22,23,24,25,25,22,22,22,26,24,24,26,26,26,29,28,29,70,70,77,25,23,23,25,26,25,28,26,27,63,63,42,23,22,23,24,24,25,26,25,25,65,65,69,26,26,25,27,27,29,30,27,29,65,67,67
clpP,CFP,10:30:24,37,4,5,5,5,3,3,5,4,4,36,35,33,24,22,22,23,24,25,26,25,25,24,25,24,28,26,26,28,27,26,30,28,30,74,74,83,25,24,24,26,26,26,29,27,28,67,68,44,24,23,22,24,24,24,27,26,26,67,68,71,26,26,26,29,28,29,31,30,30,70,72,72
clpP,CFP,10:45:24,37,4,3,5,5,3,5,4,5,4,38,35,36,26,25,25,25,23,25,27,28,27,26,27,26,27,27,27,28,27,29,30,29,30,81,79,86,25,25,24,26,26,26,28,28,30,72,73,49,25,23,23,25,24,25,27,28,27,71,72,76,27,26,26,28,29,30,32,30,30,76,76,76
clpP,CFP,11:00:24,37,4,3,5,4,3,5,5,4,4,39,39,37,27,26,26,26,27,26,28,29,28,28,29,28,28,27,26,29,29,29,31,30,31,85,86,94,26,25,26,27,27,27,30,29,31,78,78,54,25,25,24,25,25,26,28,28,28,75,76,79,28,29,28,29,30,31,32,32,31,81,82,83
clpP,CFP,11:15:24,37,5,5,4,4,5,4,4,4,5,40,39,38,27,26,24,26,26,27,28,29,30,30,30,30,28,28,28,31,30,29,32,31,33,90,91,99,27,27,25,28,29,27,31,30,31,83,84,58,26,25,25,26,26,27,29,30,28,78,78,82,28,28,27,31,31,33,32,34,32,86,88,90
clpP,CFP,11:30:24,37,4,5,4,3,5,5,6,4,4,42,40,38,29,26,25,28,26,28,29,30,30,32,33,31,30,28,30,31,30,30,33,32,33,94,94,104,27,26,27,28,30,29,31,31,32,87,87,62,27,26,25,28,26,28,30,30,30,80,80,84,29,29,28,32,31,32,33,33,33,90,93,93
clpP,CFP,11:45:24,37,4,4,5,4,2,5,5,5,4,42,40,39,29,28,26,29,28,29,31,31,32,34,35,34,31,29,29,31,31,31,34,33,34,99,98,109,29,27,27,30,30,29,33,31,32,91,91,67,27,26,26,28,28,28,30,32,31,83,83,87,30,29,30,32,32,33,34,34,33,96,99,99
clpP,CFP,12:00:24,37,5,5,4,4,4,5,5,4,4,42,42,40,29,28,27,29,28,30,31,32,33,37,38,37,32,30,30,32,32,32,35,34,35,103,103,111,29,28,28,31,30,29,33,32,33,96,96,72,28,27,26,29,28,29,31,31,31,88,87,91,30,30,29,34,33,34,35,35,35,101,101,104
clpP,CFP,12:15:24,37,5,5,4,5,6,4,5,4,5,43,42,40,31,28,29,30,30,31,33,33,33,39,40,39,34,30,31,33,33,31,36,35,35,107,106,116,29,28,29,31,32,32,34,34,35,99,98,77,29,27,28,30,29,31,32,33,31,90,90,95,31,32,30,33,33,34,35,35,35,104,107,108
clpP,CFP,12:30:24,37,5,6,6,4,9,4,6,5,4,44,43,42,31,30,28,31,30,31,33,34,34,42,43,42,33,31,31,33,33,32,36,35,37,112,109,122,30,29,28,32,32,31,35,34,35,101,101,82,29,28,27,30,29,30,32,33,32,94,94,99,32,32,31,35,34,35,36,35,36,110,114,113
clpP,CFP,12:45:24,37,5,5,6,4,4,4,5,4,6,45,43,42,33,30,29,32,32,32,35,35,36,46,47,45,34,32,32,33,34,33,38,35,37,114,115,126,33,30,29,33,33,32,36,35,36,108,106,87,30,28,28,31,30,31,34,33,34,97,97,101,32,32,32,34,35,36,37,38,38,116,116,115
clpP,CFP,13:00:24,37,5,4,5,5,4,5,5,4,4,44,44,42,34,30,31,33,32,33,35,36,36,49,49,49,35,33,32,35,34,34,38,37,39,118,119,129,33,31,31,33,34,33,35,35,38,111,110,92,31,29,28,32,31,32,35,34,33,101,100,103,33,34,33,37,36,37,38,37,38,116,121,120
clpP,CFP,13:15:24,37,5,4,7,5,8,6,4,5,5,46,44,42,36,31,32,33,34,33,36,38,38,53,53,52,35,33,34,35,35,35,39,38,38,124,123,135,32,32,32,33,35,33,37,36,39,115,114,97,31,29,29,32,32,33,35,35,35,104,103,107,34,35,33,37,36,38,39,39,39,122,125,125
clpP,CFP,13:30:24,37,5,4,6,4,6,6,5,4,4,45,46,43,37,33,32,35,34,35,38,39,39,56,56,55,38,35,35,37,36,36,40,39,40,127,127,139,33,31,32,34,35,34,38,38,39,120,118,103,32,31,31,34,33,34,36,36,36,107,106,110,35,36,34,38,37,38,40,39,39,125,128,130
clpP,CFP,13:45:24,37,4,5,6,5,6,4,5,5,4,46,46,44,38,34,33,35,34,36,39,39,38,59,60,59,38,35,34,37,37,36,41,39,41,133,132,144,34,33,31,35,36,34,38,38,40,126,123,109,32,31,31,34,32,33,37,37,36,109,108,114,35,36,34,38,38,39,41,40,40,131,135,132
clpP,CFP,14:00:24,37,6,6,6,4,6,5,4,5,4,46,46,44,37,34,35,35,36,36,40,40,40,63,66,63,38,35,37,38,37,38,42,40,42,136,135,146,34,33,32,36,37,35,39,39,41,129,127,112,32,30,31,34,34,34,38,37,36,113,112,118,35,37,35,39,39,39,41,41,42,135,135,138
clpP,CFP,14:15:24,37,5,6,3,5,6,5,4,5,5,46,45,45,37,36,35,38,36,37,40,42,42,68,70,68,39,38,37,38,39,38,42,41,43,142,140,149,35,35,33,35,37,35,40,39,41,132,132,118,34,32,32,35,34,35,38,38,38,116,115,121,38,39,36,40,40,39,42,42,42,139,142,141
clpP,CFP,14:30:24,37,6,5,5,4,6,6,5,5,6,48,47,44,39,36,36,39,37,37,42,43,41,73,74,71,40,38,38,40,38,40,43,42,43,145,145,155,37,36,34,36,38,35,40,40,43,137,135,123,34,32,32,34,34,36,38,39,38,118,117,123,37,39,37,41,41,40,43,42,43,142,147,146
clpP,CFP,14:45:24,37,5,5,5,5,5,4,5,4,6,47,46,44,40,37,36,40,38,40,42,43,42,79,79,77,41,39,40,41,39,39,43,43,44,150,148,160,37,36,34,38,38,37,42,40,44,138,139,127,35,33,33,35,34,37,39,39,39,122,122,128,38,39,37,41,39,40,43,42,44,148,151,151
clpP,CFP,15:00:24,37,5,5,5,5,5,5,6,5,5,48,46,45,40,38,38,41,39,39,42,44,43,83,84,82,41,38,39,41,40,40,45,43,45,154,151,165,38,36,35,38,39,37,43,42,45,144,143,131,36,33,34,36,35,37,40,40,40,125,124,129,38,39,38,41,41,42,43,43,45,150,155,154
clpP,CFP,15:15:24,37,6,6,7,5,5,6,6,5,5,47,47,45,42,38,39,43,40,39,43,46,44,88,90,86,41,41,40,41,41,40,47,43,45,157,156,168,38,37,36,38,39,38,43,43,44,148,146,138,36,34,34,37,36,37,40,40,40,127,126,132,40,40,38,43,42,42,46,44,45,154,158,157
clpP,CFP,15:30:24,37,6,5,6,5,6,5,6,6,6,47,46,45,43,40,39,43,41,42,45,47,46,94,96,92,42,39,41,42,42,41,47,45,46,163,160,172,40,38,36,39,40,39,44,43,45,152,150,143,37,35,34,38,38,38,41,41,40,131,130,136,39,42,40,43,42,43,45,45,46,159,162,162
clpP,CFP,15:45:24,37,6,5,5,5,7,5,5,5,5,47,46,45,42,41,40,44,43,41,44,46,47,101,102,98,42,41,41,43,42,42,48,46,47,169,164,175,40,39,37,40,41,40,45,43,46,155,154,146,37,35,34,38,38,38,41,42,41,134,134,138,41,42,40,45,42,45,45,46,46,163,166,166
clpP,CFP,16:00:24,37,6,5,6,7,6,6,6,6,6,47,45,43,45,42,41,45,43,42,46,48,47,105,106,102,44,42,42,42,43,42,48,47,48,172,167,179,40,39,38,41,41,40,45,44,47,157,159,151,38,36,35,40,39,39,42,42,43,136,136,141,42,42,40,45,43,45,47,46,47,164,170,168
clpP,CFP,16:15:24,37,6,6,6,6,6,6,6,5,7,47,46,44,45,41,41,45,43,42,47,48,48,111,114,107,45,41,42,43,42,45,48,48,48,174,173,183,42,40,38,41,41,39,45,45,47,161,163,155,39,37,36,39,39,39,43,42,42,138,139,143,42,42,42,47,44,45,49,48,49,170,173,173
clpP,CFP,16:30:24,37,5,4,7,7,6,6,6,5,6,46,45,44,45,43,43,46,44,43,47,50,49,116,116,112,46,43,43,44,44,44,49,48,49,179,175,189,41,40,39,42,42,40,46,46,48,164,166,160,39,36,37,39,38,40,43,43,43,142,143,148,42,44,41,49,44,46,50,47,49,173,178,177
clpP,CFP,16:45:24,37,6,5,5,5,7,6,6,6,6,47,45,44,46,44,41,47,45,45,49,51,50,121,122,118,47,44,43,45,44,46,51,49,51,181,180,193,42,41,38,41,43,41,46,47,49,169,172,164,40,38,37,41,39,40,44,44,43,145,144,151,42,45,41,49,44,48,51,49,50,179,180,183
clpP,CFP,17:00:24,37,6,5,6,6,6,6,5,6,6,46,44,43,47,45,44,48,46,45,49,51,51,125,127,124,46,44,44,46,47,46,52,50,50,186,183,196,42,41,39,44,44,42,47,47,51,174,174,168,41,37,37,41,40,40,45,46,43,146,147,152,44,44,42,48,46,46,52,50,51,181,183,183
clpP,CFP,17:15:24,37,6,5,6,6,6,6,6,6,7,45,45,43,49,46,45,49,46,46,52,52,53,129,131,128,47,45,44,46,47,48,52,50,52,188,188,200,43,41,41,43,44,43,48,48,51,176,177,171,42,38,38,41,40,41,46,46,44,149,150,156,44,46,42,48,47,47,53,51,51,186,188,189
clpP,CFP,17:30:24,37,5,5,4,7,10,6,6,6,6,45,43,43,50,48,46,50,47,47,52,54,55,135,137,133,48,47,47,47,47,47,54,52,52,190,192,202,44,41,40,44,45,43,49,49,52,180,181,177,42,38,38,41,42,41,45,46,44,151,152,159,44,46,43,49,47,48,52,50,53,187,190,190
clpP,CFP,17:45:24,37,6,6,8,8,9,6,7,6,7,45,44,42,51,48,47,50,48,48,53,54,55,139,141,138,49,46,48,48,47,46,53,52,53,196,193,205,45,43,43,44,46,44,50,48,53,184,186,179,41,40,38,43,43,43,46,47,46,153,156,162,47,47,44,50,48,48,54,52,54,190,194,192
clpP,CFP,18:00:24,37,6,7,5,6,7,7,6,7,7,44,44,42,52,49,47,51,49,49,55,56,56,144,146,142,51,47,48,49,47,48,54,53,55,196,198,209,45,43,44,45,46,44,51,49,53,186,189,185,42,39,39,45,43,43,47,47,46,158,159,165,46,46,44,51,48,49,54,52,54,195,196,198
clpP,CFP,18:15:24,37,6,6,6,8,7,7,6,6,6,44,44,42,52,49,48,50,51,49,55,56,56,146,151,147,50,48,49,50,48,47,55,53,55,200,200,213,46,43,44,46,47,44,51,49,54,191,191,186,42,39,40,44,44,43,47,48,47,158,160,167,47,48,46,51,49,49,54,52,55,195,200,199
clpP,CFP,18:30:24,37,7,6,6,7,7,7,6,7,6,44,42,41,53,49,50,51,53,50,55,58,57,152,154,150,50,49,50,50,50,49,56,55,57,203,206,216,47,44,45,46,47,45,52,51,55,193,194,190,43,40,42,45,44,43,49,49,48,164,164,168,47,49,45,51,50,51,55,53,55,198,204,204
clpP,CFP,18:45:24,37,6,6,6,6,6,6,8,6,7,43,42,41,54,50,51,52,53,51,57,58,57,156,158,155,52,50,49,53,50,50,56,55,57,206,208,221,47,44,46,47,48,45,52,51,55,196,196,194,43,41,43,45,44,44,48,49,50,164,165,171,48,49,46,53,50,51,57,53,55,201,206,205
clpP,CFP,19:00:24,37,7,6,6,8,7,7,6,7,7,42,41,41,55,49,52,53,55,51,58,59,58,160,159,159,52,49,50,54,51,51,57,56,58,210,211,222,48,45,46,48,48,46,52,53,56,199,200,196,43,41,43,46,45,44,49,49,49,168,168,173,48,49,48,54,50,52,56,55,55,209,210,208
clpP,CFP,19:15:24,37,7,7,6,8,7,7,8,6,7,42,42,40,56,51,54,53,53,53,61,60,60,162,166,162,53,51,50,55,54,51,58,56,58,213,215,225,48,46,45,51,49,46,53,52,56,205,201,203,45,42,44,46,45,45,49,49,50,170,168,177,50,50,49,55,51,52,57,54,57,207,212,213
clpP,CFP,19:30:24,37,6,7,6,8,8,7,8,6,7,42,41,39,57,51,54,54,53,53,60,61,60,168,168,165,53,52,50,55,55,52,59,58,59,218,220,228,49,46,45,51,49,48,54,54,57,208,206,207,44,42,44,46,46,48,50,50,52,173,173,179,49,50,50,56,51,53,56,55,58,208,215,216
clpP,CFP,19:45:24,37,6,6,6,7,7,7,6,7,8,42,40,39,58,53,55,55,54,54,62,62,62,172,170,169,53,52,51,56,54,53,60,59,59,219,223,233,49,46,44,50,50,50,54,55,58,210,210,210,46,43,44,49,44,47,52,50,51,175,173,181,50,51,49,54,53,54,58,55,59,213,218,217
clpP,CFP,20:00:24,37,8,6,5,6,8,7,7,7,7,41,40,39,58,54,55,56,54,55,64,63,62,175,175,171,53,53,52,55,55,54,61,58,61,221,223,233,50,47,44,51,49,51,55,55,59,211,211,213,46,43,45,49,45,48,53,51,51,180,179,183,51,52,50,56,53,55,58,57,60,216,220,218
clpP,CFP,20:15:24,37,7,7,7,8,8,8,7,6,7,41,41,38,58,53,56,58,55,55,65,63,63,179,176,175,54,55,52,55,55,56,62,60,61,224,226,235,50,47,45,53,51,51,56,55,59,210,216,215,46,43,46,49,47,47,53,53,50,183,180,183,52,53,51,56,53,55,60,57,59,217,223,222
clpP,CFP,20:30:24,37,7,6,8,8,9,7,7,7,7,40,39,38,59,54,56,61,56,55,66,63,63,182,181,178,53,54,51,55,56,56,63,60,62,227,229,240,51,48,45,51,52,52,58,56,61,214,215,217,46,44,46,50,48,49,53,54,52,185,182,190,51,54,51,57,55,56,60,58,63,223,225,224
clpP,CFP,20:45:24,37,7,5,7,9,8,7,7,8,7,40,40,37,62,54,53,60,56,57,66,64,65,184,184,180,52,53,53,57,56,57,65,60,64,228,232,242,51,49,48,51,53,51,60,55,60,215,219,220,46,44,45,51,47,49,53,54,53,186,183,191,52,56,50,56,54,57,60,59,61,222,225,223
clpP,CFP,21:00:24,37,7,7,8,8,10,7,7,7,7,40,40,37,61,56,56,61,58,58,68,67,67,186,186,184,54,53,54,56,55,57,65,61,63,231,236,244,51,50,46,52,52,52,59,58,62,216,219,223,47,44,45,51,47,48,54,55,53,187,186,192,53,56,51,58,55,57,62,59,63,224,229,228
clpP,CFP,21:15:24,37,7,7,8,9,9,7,8,7,8,39,38,38,62,56,56,62,59,58,68,67,67,190,189,186,53,53,53,58,56,59,65,61,65,235,237,246,52,50,47,52,53,52,60,59,61,219,224,224,48,46,44,52,49,49,54,55,54,187,187,197,53,57,53,57,56,58,62,60,64,223,232,230
clpP,CFP,21:30:24,37,7,7,8,9,9,7,7,7,6,38,39,37,60,56,57,63,59,59,67,68,69,193,190,187,55,53,54,59,56,58,66,63,66,236,238,250,54,50,49,52,54,52,60,60,62,222,224,226,48,46,46,53,48,51,54,56,55,191,188,200,54,56,52,59,56,58,63,61,64,228,237,233
clpP,CFP,21:45:24,37,7,8,6,8,10,7,7,7,7,40,37,37,62,57,56,65,61,61,65,70,70,195,194,191,55,57,56,60,58,58,66,65,65,241,239,252,54,51,49,54,54,53,60,61,63,224,227,228,50,47,45,52,49,49,55,55,55,194,190,202,54,55,52,61,57,58,64,62,66,229,236,235
clpP,CFP,22:00:24,37,7,7,8,10,9,8,6,8,7,40,37,37,61,59,57,64,61,62,68,71,71,199,196,192,57,55,55,60,58,58,67,66,65,242,240,256,54,52,50,55,55,53,60,61,62,224,229,232,51,46,45,54,49,51,56,56,56,196,194,202,55,58,54,60,58,59,64,61,67,230,235,236
clpP,CFP,22:15:24,37,8,7,7,9,9,8,8,8,8,39,40,37,62,59,58,65,63,64,69,73,71,203,199,195,58,56,55,61,58,59,68,66,66,243,243,258,55,52,50,56,55,52,62,62,63,229,231,234,51,47,46,55,51,52,56,57,57,198,196,208,56,59,55,63,58,59,65,63,67,231,240,239
clpP,CFP,22:30:24,37,7,7,8,9,11,7,7,7,8,39,38,36,60,59,60,67,62,63,71,73,72,203,199,196,57,57,56,63,59,61,68,67,68,246,245,260,56,52,49,55,57,54,62,62,64,232,234,235,51,47,48,54,50,52,57,59,56,197,197,206,54,58,56,61,58,61,65,63,68,234,238,238
clpP,CFP,22:45:24,37,8,8,7,9,10,8,8,8,8,39,38,36,61,60,59,67,64,63,70,74,73,207,201,196,60,57,57,62,59,60,69,67,69,247,248,262,56,53,50,56,56,53,62,63,66,235,235,237,52,48,47,55,52,53,58,59,57,201,201,209,57,58,55,63,59,62,66,64,70,235,240,240
clpP,CFP,23:00:24,37,7,7,8,10,10,8,8,8,7,39,40,36,62,61,61,67,66,64,71,74,74,208,203,201,60,57,58,63,61,60,70,67,69,251,250,263,57,53,51,56,57,55,64,63,67,236,235,239,53,49,48,56,51,53,59,59,58,203,203,208,56,59,56,63,59,61,67,65,70,237,239,239